"Id((0.8432242772050402) + (((-6.627413943133041e-8) * (Exp((x1)^(2)))) + (((-1.1459264057966125e-2) * (Exp((x1)^(1)))) + (((7.689489618500678e-2) * (Id((x1)^(2)))) + (((6.64173054496009e-2) * (Id((x0)^(2)))) + (((-0.10219624710084496) * (Sin(((x1)^(2)) * ((x0)^(2))))) + (((6.691898910967063e-3) * (Id(((x1)^(1)) * ((x0)^(2))))) + ((-1.0418407006203445e-7) * (Exp((x0)^(2)))))))))))","[0.8432242772050402,-6.627413943133041e-8,-1.1459264057966125e-2,7.689489618500678e-2,6.64173054496009e-2,-0.10219624710084496,6.691898910967063e-3,-1.0418407006203445e-7]","((0.8432242772050402) + (((-6.627413943133041e-8) * (np.exp((x[:,1])**(2)))) + (((-1.1459264057966125e-2) * (np.exp((x[:,1])**(1)))) + (((7.689489618500678e-2) * (((x[:,1])**(2)))) + (((6.64173054496009e-2) * (((x[:,0])**(2)))) + (((-0.10219624710084496) * (np.sin(((x[:,1])**(2)) * ((x[:,0])**(2))))) + (((6.691898910967063e-3) * ((((x[:,1])**(1)) * ((x[:,0])**(2))))) + ((-1.0418407006203445e-7) * (np.exp((x[:,0])**(2)))))))))))"

======================================
"Id((0.8211507075137894) + (((6.40386269115765e-2) * (Id((x1)^(2)))) + (((0.1849186658607387) * (Id((x1)^(1)))) + (((-0.24293246231008847) * (Sin((x1)^(1)))) + (((-1.6830415830802114e-7) * (Exp(((x1)^(1)) * ((x0)^(1))))) + (((5.001609981066447e-3) * (Id(((x1)^(1)) * ((x0)^(2))))) + (((-9.482577601224668e-8) * (Exp((x0)^(2)))) + (((6.403862695560542e-2) * (Id((x1)^(2)))) + (((-5.1137099672202674e-2) * (Exp((x1)^(1)))) + ((6.641444686809594e-2) * (Id((x0)^(2)))))))))))))","[0.8211507075137894,6.40386269115765e-2,0.1849186658607387,-0.24293246231008847,-1.6830415830802114e-7,5.001609981066447e-3,-9.482577601224668e-8,6.403862695560542e-2,-5.1137099672202674e-2,6.641444686809594e-2]","((0.8211507075137894) + (((6.40386269115765e-2) * (((x[:,1])**(2)))) + (((0.1849186658607387) * (((x[:,1])**(1)))) + (((-0.24293246231008847) * (np.sin((x[:,1])**(1)))) + (((-1.6830415830802114e-7) * (np.exp(((x[:,1])**(1)) * ((x[:,0])**(1))))) + (((5.001609981066447e-3) * ((((x[:,1])**(1)) * ((x[:,0])**(2))))) + (((-9.482577601224668e-8) * (np.exp((x[:,0])**(2)))) + (((6.403862695560542e-2) * (((x[:,1])**(2)))) + (((-5.1137099672202674e-2) * (np.exp((x[:,1])**(1)))) + ((6.641444686809594e-2) * (((x[:,0])**(2)))))))))))))"

======================================
"Id(((0.858869220099872) + (((-9.055194146031952e-2) * (Sin(((x0)^(2)) * ((x1)^(2))))) + (((8.315825590859593e-2) * (Id((x1)^(2)))) + (((-1.715635654372938e-2) * (Exp((x1)^(1)))) + (((-2.0289129881001473e-7) * (Exp(((x1)^(1)) * ((x0)^(1))))) + (((6.541109356889854e-2) * (Id((x0)^(2)))) + (((-8.423745245488813e-8) * (Exp((x0)^(2)))) + ((-5.4101986694265525e-2) * (Sin((x1)^(2))))))))))) / ((1.0) + (((2.022437269111131e-8) * (Exp((x1)^(2)))) + ((-3.803660760594596e-2) * (Id((x1)^(1)))))))","[0.858869220099872,-9.055194146031952e-2,8.315825590859593e-2,-1.715635654372938e-2,-2.0289129881001473e-7,6.541109356889854e-2,-8.423745245488813e-8,-5.4101986694265525e-2,2.022437269111131e-8,-3.803660760594596e-2]","(((0.858869220099872) + (((-9.055194146031952e-2) * (np.sin(((x[:,0])**(2)) * ((x[:,1])**(2))))) + (((8.315825590859593e-2) * (((x[:,1])**(2)))) + (((-1.715635654372938e-2) * (np.exp((x[:,1])**(1)))) + (((-2.0289129881001473e-7) * (np.exp(((x[:,1])**(1)) * ((x[:,0])**(1))))) + (((6.541109356889854e-2) * (((x[:,0])**(2)))) + (((-8.423745245488813e-8) * (np.exp((x[:,0])**(2)))) + ((-5.4101986694265525e-2) * (np.sin((x[:,1])**(2))))))))))) / ((1.0) + (((2.022437269111131e-8) * (np.exp((x[:,1])**(2)))) + ((-3.803660760594596e-2) * (((x[:,1])**(1)))))))"

======================================
"Id(((0.8198184590430093) + (((-8.720602352512382e-8) * (Exp((x0)^(2)))) + (((6.67162240181582e-2) * (Id((x0)^(2)))) + (((-4.9994192843393515e-2) * (Exp((x1)^(1)))) + (((0.11423517237570012) * (Id((x1)^(1)))) + ((0.12751913563950057) * (Id((x1)^(2))))))))) / ((1.0) + (((-4.174157094784373e-3) * (Id(((x1)^(1)) * ((x0)^(1))))) + (((6.434925757710068e-3) * (Sin((x1)^(2)))) + (((0.14104197703083932) * (Sin((x1)^(1)))) + (((-5.322579546036657e-2) * (Id((x1)^(1)))) + ((1.2645206972652765e-7) * (Exp(((x1)^(1)) * ((x0)^(1)))))))))))","[0.8198184590430093,-8.720602352512382e-8,6.67162240181582e-2,-4.9994192843393515e-2,0.11423517237570012,0.12751913563950057,-4.174157094784373e-3,6.434925757710068e-3,0.14104197703083932,-5.322579546036657e-2,1.2645206972652765e-7]","(((0.8198184590430093) + (((-8.720602352512382e-8) * (np.exp((x[:,0])**(2)))) + (((6.67162240181582e-2) * (((x[:,0])**(2)))) + (((-4.9994192843393515e-2) * (np.exp((x[:,1])**(1)))) + (((0.11423517237570012) * (((x[:,1])**(1)))) + ((0.12751913563950057) * (((x[:,1])**(2))))))))) / ((1.0) + (((-4.174157094784373e-3) * ((((x[:,1])**(1)) * ((x[:,0])**(1))))) + (((6.434925757710068e-3) * (np.sin((x[:,1])**(2)))) + (((0.14104197703083932) * (np.sin((x[:,1])**(1)))) + (((-5.322579546036657e-2) * (((x[:,1])**(1)))) + ((1.2645206972652765e-7) * (np.exp(((x[:,1])**(1)) * ((x[:,0])**(1)))))))))))"

======================================
"Id(((0.8400099043600626) + (((-1.1971465743404514e-2) * (Exp((x1)^(1)))) + (((-2.103201511228328e-7) * (Exp(((x1)^(1)) * ((x0)^(1))))) + (((6.74733837493504e-3) * (Id(((x1)^(1)) * ((x0)^(2))))) + (((7.7694899571697e-2) * (Id((x1)^(2)))) + (((6.714623154736257e-2) * (Id((x0)^(2)))) + (((-0.10291899195749983) * (Sin(((x1)^(2)) * ((x0)^(2))))) + ((-9.386739549746142e-8) * (Exp((x0)^(2))))))))))) / ((1.0) + (((2.540016386645197e-8) * (Exp((x1)^(2)))) + ((1.3578338586634306e-2) * (Sin((x1)^(2)))))))","[0.8400099043600626,-1.1971465743404514e-2,-2.103201511228328e-7,6.74733837493504e-3,7.7694899571697e-2,6.714623154736257e-2,-0.10291899195749983,-9.386739549746142e-8,2.540016386645197e-8,1.3578338586634306e-2]","(((0.8400099043600626) + (((-1.1971465743404514e-2) * (np.exp((x[:,1])**(1)))) + (((-2.103201511228328e-7) * (np.exp(((x[:,1])**(1)) * ((x[:,0])**(1))))) + (((6.74733837493504e-3) * ((((x[:,1])**(1)) * ((x[:,0])**(2))))) + (((7.7694899571697e-2) * (((x[:,1])**(2)))) + (((6.714623154736257e-2) * (((x[:,0])**(2)))) + (((-0.10291899195749983) * (np.sin(((x[:,1])**(2)) * ((x[:,0])**(2))))) + ((-9.386739549746142e-8) * (np.exp((x[:,0])**(2))))))))))) / ((1.0) + (((2.540016386645197e-8) * (np.exp((x[:,1])**(2)))) + ((1.3578338586634306e-2) * (np.sin((x[:,1])**(2)))))))"

======================================
"Id(((0.8427890267977005) + (((-7.072140563745888e-2) * (Sin((x1)^(2)))) + (((6.771385277536579e-2) * (Id((x0)^(2)))) + (((6.249179371993269e-2) * (Id((x1)^(2)))) + ((-8.73089565716497e-8) * (Exp((x0)^(2)))))))) / ((1.0) + (((9.657360363155482e-8) * (Exp(((x1)^(1)) * ((x0)^(1))))) + (((3.76183109538102e-8) * (Exp((x1)^(2)))) + ((-1.5032673205867143e-3) * (Id((x1)^(1))))))))","[0.8427890267977005,-7.072140563745888e-2,6.771385277536579e-2,6.249179371993269e-2,-8.73089565716497e-8,9.657360363155482e-8,3.76183109538102e-8,-1.5032673205867143e-3]","(((0.8427890267977005) + (((-7.072140563745888e-2) * (np.sin((x[:,1])**(2)))) + (((6.771385277536579e-2) * (((x[:,0])**(2)))) + (((6.249179371993269e-2) * (((x[:,1])**(2)))) + ((-8.73089565716497e-8) * (np.exp((x[:,0])**(2)))))))) / ((1.0) + (((9.657360363155482e-8) * (np.exp(((x[:,1])**(1)) * ((x[:,0])**(1))))) + (((3.76183109538102e-8) * (np.exp((x[:,1])**(2)))) + ((-1.5032673205867143e-3) * (((x[:,1])**(1))))))))"

======================================
"Id(((0.8415334307859287) + (((-0.23555980605725058) * (Sin((x1)^(1)))) + (((-4.7729565165148945e-2) * (Sin((x1)^(2)))) + (((-8.792263835954543e-8) * (Exp((x0)^(2)))) + (((0.12335675541829863) * (Id((x1)^(2)))) + (((0.20891791893721423) * (Id((x1)^(1)))) + (((6.605345238257987e-2) * (Id((x0)^(2)))) + ((-4.8955052568277924e-2) * (Exp((x1)^(1))))))))))) / ((1.0) + ((7.840036677112255e-8) * (Exp(((x1)^(1)) * ((x0)^(1)))))))","[0.8415334307859287,-0.23555980605725058,-4.7729565165148945e-2,-8.792263835954543e-8,0.12335675541829863,0.20891791893721423,6.605345238257987e-2,-4.8955052568277924e-2,7.840036677112255e-8]","(((0.8415334307859287) + (((-0.23555980605725058) * (np.sin((x[:,1])**(1)))) + (((-4.7729565165148945e-2) * (np.sin((x[:,1])**(2)))) + (((-8.792263835954543e-8) * (np.exp((x[:,0])**(2)))) + (((0.12335675541829863) * (((x[:,1])**(2)))) + (((0.20891791893721423) * (((x[:,1])**(1)))) + (((6.605345238257987e-2) * (((x[:,0])**(2)))) + ((-4.8955052568277924e-2) * (np.exp((x[:,1])**(1))))))))))) / ((1.0) + ((7.840036677112255e-8) * (np.exp(((x[:,1])**(1)) * ((x[:,0])**(1)))))))"

======================================
"Id(((0.8412333295953374) + (((-2.7025081005874036e-3) * (Exp((x1)^(1)))) + (((-2.558985494332806e-7) * (Exp(((x1)^(1)) * ((x0)^(1))))) + (((6.540640736274864e-2) * (Id((x1)^(2)))) + (((6.668872290727046e-2) * (Id((x0)^(2)))) + (((-9.984254197125625e-2) * (Sin(((x1)^(2)) * ((x0)^(2))))) + ((-7.630016122088927e-8) * (Exp((x0)^(2)))))))))) / ((1.0) + ((3.3245786009866104e-8) * (Exp((x1)^(2))))))","[0.8412333295953374,-2.7025081005874036e-3,-2.558985494332806e-7,6.540640736274864e-2,6.668872290727046e-2,-9.984254197125625e-2,-7.630016122088927e-8,3.3245786009866104e-8]","(((0.8412333295953374) + (((-2.7025081005874036e-3) * (np.exp((x[:,1])**(1)))) + (((-2.558985494332806e-7) * (np.exp(((x[:,1])**(1)) * ((x[:,0])**(1))))) + (((6.540640736274864e-2) * (((x[:,1])**(2)))) + (((6.668872290727046e-2) * (((x[:,0])**(2)))) + (((-9.984254197125625e-2) * (np.sin(((x[:,1])**(2)) * ((x[:,0])**(2))))) + ((-7.630016122088927e-8) * (np.exp((x[:,0])**(2)))))))))) / ((1.0) + ((3.3245786009866104e-8) * (np.exp((x[:,1])**(2))))))"

======================================
"Id((0.8215442101339612) + (((-1.1470319722152863e-2) * (Exp((x1)^(1)))) + (((6.65389801143837e-2) * (Id((x0)^(2)))) + (((-1.0504038209687409e-7) * (Exp((x0)^(2)))) + (((6.412066425086517e-3) * (Id(((x1)^(1)) * ((x0)^(2))))) + (((-7.29082390003011e-8) * (Exp((x1)^(2)))) + ((7.949139052829401e-2) * (Id((x1)^(2))))))))))","[0.8215442101339612,-1.1470319722152863e-2,6.65389801143837e-2,-1.0504038209687409e-7,6.412066425086517e-3,-7.29082390003011e-8,7.949139052829401e-2]","((0.8215442101339612) + (((-1.1470319722152863e-2) * (np.exp((x[:,1])**(1)))) + (((6.65389801143837e-2) * (((x[:,0])**(2)))) + (((-1.0504038209687409e-7) * (np.exp((x[:,0])**(2)))) + (((6.412066425086517e-3) * ((((x[:,1])**(1)) * ((x[:,0])**(2))))) + (((-7.29082390003011e-8) * (np.exp((x[:,1])**(2)))) + ((7.949139052829401e-2) * (((x[:,1])**(2))))))))))"

======================================
"Id(((0.8307043444047056) + (((-1.1770983821702477e-2) * (Exp((x1)^(1)))) + (((-9.298699000458065e-8) * (Exp((x0)^(2)))) + (((7.833517340898805e-2) * (Id((x1)^(2)))) + (((6.795810013827236e-2) * (Id((x0)^(2)))) + (((7.961846095208974e-3) * (Id(((x1)^(1)) * ((x0)^(1))))) + (((-3.070396536939178e-7) * (Exp(((x1)^(1)) * ((x0)^(1))))) + (((6.506140262476095e-3) * (Id(((x1)^(1)) * ((x0)^(2))))) + ((-0.11233582337085349) * (Sin(((x1)^(2)) * ((x0)^(2))))))))))))) / ((1.0) + ((2.571360431088581e-8) * (Exp((x1)^(2))))))","[0.8307043444047056,-1.1770983821702477e-2,-9.298699000458065e-8,7.833517340898805e-2,6.795810013827236e-2,7.961846095208974e-3,-3.070396536939178e-7,6.506140262476095e-3,-0.11233582337085349,2.571360431088581e-8]","(((0.8307043444047056) + (((-1.1770983821702477e-2) * (np.exp((x[:,1])**(1)))) + (((-9.298699000458065e-8) * (np.exp((x[:,0])**(2)))) + (((7.833517340898805e-2) * (((x[:,1])**(2)))) + (((6.795810013827236e-2) * (((x[:,0])**(2)))) + (((7.961846095208974e-3) * ((((x[:,1])**(1)) * ((x[:,0])**(1))))) + (((-3.070396536939178e-7) * (np.exp(((x[:,1])**(1)) * ((x[:,0])**(1))))) + (((6.506140262476095e-3) * ((((x[:,1])**(1)) * ((x[:,0])**(2))))) + ((-0.11233582337085349) * (np.sin(((x[:,1])**(2)) * ((x[:,0])**(2))))))))))))) / ((1.0) + ((2.571360431088581e-8) * (np.exp((x[:,1])**(2))))))"

======================================
"Id((0.8441812766903917) + (((7.969216530778384e-3) * (Id(((x1)^(1)) * ((x0)^(1))))) + (((6.31528157960513e-2) * (Id((x1)^(2)))) + (((-8.421969721095364e-8) * (Exp((x0)^(2)))) + (((-3.0785972499075915e-7) * (Exp(((x1)^(1)) * ((x0)^(1))))) + (((6.855661409043204e-2) * (Id((x0)^(2)))) + (((-0.10234029783010143) * (Sin(((x1)^(2)) * ((x0)^(2))))) + (((-7.870990813209475e-8) * (Exp((x1)^(2)))) + ((-4.766250341919526e-2) * (Sin((x1)^(2))))))))))))","[0.8441812766903917,7.969216530778384e-3,6.31528157960513e-2,-8.421969721095364e-8,-3.0785972499075915e-7,6.855661409043204e-2,-0.10234029783010143,-7.870990813209475e-8,-4.766250341919526e-2]","((0.8441812766903917) + (((7.969216530778384e-3) * ((((x[:,1])**(1)) * ((x[:,0])**(1))))) + (((6.31528157960513e-2) * (((x[:,1])**(2)))) + (((-8.421969721095364e-8) * (np.exp((x[:,0])**(2)))) + (((-3.0785972499075915e-7) * (np.exp(((x[:,1])**(1)) * ((x[:,0])**(1))))) + (((6.855661409043204e-2) * (((x[:,0])**(2)))) + (((-0.10234029783010143) * (np.sin(((x[:,1])**(2)) * ((x[:,0])**(2))))) + (((-7.870990813209475e-8) * (np.exp((x[:,1])**(2)))) + ((-4.766250341919526e-2) * (np.sin((x[:,1])**(2))))))))))))"

======================================
"Id(((0.8315325290291685) + (((7.81209804815195e-3) * (Id(((x1)^(1)) * ((x0)^(1))))) + (((6.656305639866558e-2) * (Id((x0)^(2)))) + (((-0.10430435586061665) * (Sin(((x1)^(2)) * ((x0)^(2))))) + (((-1.559077569888487e-2) * (Exp((x1)^(1)))) + (((-5.59664778094887e-8) * (Exp((x1)^(2)))) + (((-8.302413121904357e-8) * (Exp((x0)^(2)))) + ((8.45002122819791e-2) * (Id((x1)^(2))))))))))) / ((1.0) + (((-3.393364971717058e-2) * (Id((x1)^(1)))) + ((1.57105293730259e-7) * (Exp(((x1)^(1)) * ((x0)^(1))))))))","[0.8315325290291685,7.81209804815195e-3,6.656305639866558e-2,-0.10430435586061665,-1.559077569888487e-2,-5.59664778094887e-8,-8.302413121904357e-8,8.45002122819791e-2,-3.393364971717058e-2,1.57105293730259e-7]","(((0.8315325290291685) + (((7.81209804815195e-3) * ((((x[:,1])**(1)) * ((x[:,0])**(1))))) + (((6.656305639866558e-2) * (((x[:,0])**(2)))) + (((-0.10430435586061665) * (np.sin(((x[:,1])**(2)) * ((x[:,0])**(2))))) + (((-1.559077569888487e-2) * (np.exp((x[:,1])**(1)))) + (((-5.59664778094887e-8) * (np.exp((x[:,1])**(2)))) + (((-8.302413121904357e-8) * (np.exp((x[:,0])**(2)))) + ((8.45002122819791e-2) * (((x[:,1])**(2))))))))))) / ((1.0) + (((-3.393364971717058e-2) * (((x[:,1])**(1)))) + ((1.57105293730259e-7) * (np.exp(((x[:,1])**(1)) * ((x[:,0])**(1))))))))"

======================================
"Id((0.8432242772031125) + (((-0.10219624708825101) * (Sin(((x1)^(2)) * ((x0)^(2))))) + (((-1.1459264058389694e-2) * (Exp((x1)^(1)))) + (((6.641730544965099e-2) * (Id((x0)^(2)))) + (((-6.627413941784087e-8) * (Exp((x1)^(2)))) + (((-1.0418407006109908e-7) * (Exp((x0)^(2)))) + (((6.691898910970879e-3) * (Id(((x1)^(1)) * ((x0)^(2))))) + ((7.689489618502572e-2) * (Id((x1)^(2)))))))))))","[0.8432242772031125,-0.10219624708825101,-1.1459264058389694e-2,6.641730544965099e-2,-6.627413941784087e-8,-1.0418407006109908e-7,6.691898910970879e-3,7.689489618502572e-2]","((0.8432242772031125) + (((-0.10219624708825101) * (np.sin(((x[:,1])**(2)) * ((x[:,0])**(2))))) + (((-1.1459264058389694e-2) * (np.exp((x[:,1])**(1)))) + (((6.641730544965099e-2) * (((x[:,0])**(2)))) + (((-6.627413941784087e-8) * (np.exp((x[:,1])**(2)))) + (((-1.0418407006109908e-7) * (np.exp((x[:,0])**(2)))) + (((6.691898910970879e-3) * ((((x[:,1])**(1)) * ((x[:,0])**(2))))) + ((7.689489618502572e-2) * (((x[:,1])**(2)))))))))))"

======================================
"Id(((0.8595303209709254) + (((-7.230472473202598e-2) * (Sin((x1)^(2)))) + (((-9.52785152914096e-8) * (Exp((x0)^(2)))) + (((6.739493846386756e-2) * (Id((x0)^(2)))) + ((5.946895240727913e-2) * (Id((x1)^(2)))))))) / ((1.0) + (((3.2185575333017254e-2) * (Sin(((x1)^(2)) * ((x0)^(2))))) + ((3.624446329256076e-8) * (Exp((x1)^(2)))))))","[0.8595303209709254,-7.230472473202598e-2,-9.52785152914096e-8,6.739493846386756e-2,5.946895240727913e-2,3.2185575333017254e-2,3.624446329256076e-8]","(((0.8595303209709254) + (((-7.230472473202598e-2) * (np.sin((x[:,1])**(2)))) + (((-9.52785152914096e-8) * (np.exp((x[:,0])**(2)))) + (((6.739493846386756e-2) * (((x[:,0])**(2)))) + ((5.946895240727913e-2) * (((x[:,1])**(2)))))))) / ((1.0) + (((3.2185575333017254e-2) * (np.sin(((x[:,1])**(2)) * ((x[:,0])**(2))))) + ((3.624446329256076e-8) * (np.exp((x[:,1])**(2)))))))"

======================================
"Id((0.8666541758254153) + (((-6.092813469501246e-2) * (Sin((x1)^(2)))) + (((6.227461305785923e-2) * (Id((x1)^(2)))) + (((6.65970443543551e-2) * (Id((x0)^(2)))) + (((-9.313886415350067e-8) * (Exp((x0)^(2)))) + (((-7.86003708530414e-8) * (Exp((x1)^(2)))) + (((-1.6305392476154955e-3) * (Exp((x1)^(1)))) + ((-8.924649218627127e-2) * (Sin(((x1)^(2)) * ((x0)^(2))))))))))))","[0.8666541758254153,-6.092813469501246e-2,6.227461305785923e-2,6.65970443543551e-2,-9.313886415350067e-8,-7.86003708530414e-8,-1.6305392476154955e-3,-8.924649218627127e-2]","((0.8666541758254153) + (((-6.092813469501246e-2) * (np.sin((x[:,1])**(2)))) + (((6.227461305785923e-2) * (((x[:,1])**(2)))) + (((6.65970443543551e-2) * (((x[:,0])**(2)))) + (((-9.313886415350067e-8) * (np.exp((x[:,0])**(2)))) + (((-7.86003708530414e-8) * (np.exp((x[:,1])**(2)))) + (((-1.6305392476154955e-3) * (np.exp((x[:,1])**(1)))) + ((-8.924649218627127e-2) * (np.sin(((x[:,1])**(2)) * ((x[:,0])**(2))))))))))))"

======================================
"Id(((0.8253966946505438) + (((6.102336643043547e-3) * (Id(((x1)^(1)) * ((x0)^(2))))) + (((-1.0721153148406338e-2) * (Exp((x1)^(1)))) + (((-6.434967772152617e-8) * (Exp((x1)^(2)))) + (((0.13162494884873965) * (Id((x0)^(2)))) + (((-7.097886404315348e-2) * (Sin((x1)^(2)))) + (((-5.2539926604288176e-2) * (Exp((x0)^(1)))) + (((7.756221077007393e-2) * (Id((x1)^(2)))) + ((0.22472384151583605) * (Id((x0)^(1)))))))))))) / ((1.0) + (((7.536981702695246e-8) * (Exp(((x1)^(1)) * ((x0)^(1))))) + ((0.17552316814196317) * (Sin((x0)^(1)))))))","[0.8253966946505438,6.102336643043547e-3,-1.0721153148406338e-2,-6.434967772152617e-8,0.13162494884873965,-7.097886404315348e-2,-5.2539926604288176e-2,7.756221077007393e-2,0.22472384151583605,7.536981702695246e-8,0.17552316814196317]","(((0.8253966946505438) + (((6.102336643043547e-3) * ((((x[:,1])**(1)) * ((x[:,0])**(2))))) + (((-1.0721153148406338e-2) * (np.exp((x[:,1])**(1)))) + (((-6.434967772152617e-8) * (np.exp((x[:,1])**(2)))) + (((0.13162494884873965) * (((x[:,0])**(2)))) + (((-7.097886404315348e-2) * (np.sin((x[:,1])**(2)))) + (((-5.2539926604288176e-2) * (np.exp((x[:,0])**(1)))) + (((7.756221077007393e-2) * (((x[:,1])**(2)))) + ((0.22472384151583605) * (((x[:,0])**(1)))))))))))) / ((1.0) + (((7.536981702695246e-8) * (np.exp(((x[:,1])**(1)) * ((x[:,0])**(1))))) + ((0.17552316814196317) * (np.sin((x[:,0])**(1)))))))"

======================================
"Id((0.8616360656863432) + (((-6.280239778960961e-2) * (Sin((x1)^(2)))) + (((-1.114253777202256e-2) * (Exp((x1)^(1)))) + (((6.73828275182941e-3) * (Id(((x1)^(1)) * ((x0)^(2))))) + (((6.678978922841507e-2) * (Id((x0)^(2)))) + (((7.513859646563928e-2) * (Id((x1)^(2)))) + (((-9.498477990915613e-2) * (Sin(((x1)^(2)) * ((x0)^(2))))) + (((-6.142188142910878e-8) * (Exp((x1)^(2)))) + ((-1.0690119617974415e-7) * (Exp((x0)^(2))))))))))))","[0.8616360656863432,-6.280239778960961e-2,-1.114253777202256e-2,6.73828275182941e-3,6.678978922841507e-2,7.513859646563928e-2,-9.498477990915613e-2,-6.142188142910878e-8,-1.0690119617974415e-7]","((0.8616360656863432) + (((-6.280239778960961e-2) * (np.sin((x[:,1])**(2)))) + (((-1.114253777202256e-2) * (np.exp((x[:,1])**(1)))) + (((6.73828275182941e-3) * ((((x[:,1])**(1)) * ((x[:,0])**(2))))) + (((6.678978922841507e-2) * (((x[:,0])**(2)))) + (((7.513859646563928e-2) * (((x[:,1])**(2)))) + (((-9.498477990915613e-2) * (np.sin(((x[:,1])**(2)) * ((x[:,0])**(2))))) + (((-6.142188142910878e-8) * (np.exp((x[:,1])**(2)))) + ((-1.0690119617974415e-7) * (np.exp((x[:,0])**(2))))))))))))"

======================================
"Id(((0.7905709750319087) + (((-1.9632787086549556e-3) * (Id(((x1)^(2)) * ((x0)^(2))))) + (((7.60770971751594e-2) * (Id((x0)^(2)))) + (((-5.0242307352166275e-2) * (Exp((x1)^(1)))) + (((-1.0389302587830032e-7) * (Exp((x0)^(2)))) + (((-0.10053729770569665) * (Sin(((x1)^(2)) * ((x0)^(2))))) + (((0.13617860568288684) * (Id((x1)^(2)))) + ((0.15086819189005626) * (Id((x1)^(1))))))))))) / ((1.0) + (((0.14106206238493385) * (Sin((x1)^(1)))) + (((-1.6369162902776527e-2) * (Id((x1)^(1)))) + ((-2.4922719082602195e-3) * (Id(((x1)^(1)) * ((x0)^(2)))))))))","[0.7905709750319087,-1.9632787086549556e-3,7.60770971751594e-2,-5.0242307352166275e-2,-1.0389302587830032e-7,-0.10053729770569665,0.13617860568288684,0.15086819189005626,0.14106206238493385,-1.6369162902776527e-2,-2.4922719082602195e-3]","(((0.7905709750319087) + (((-1.9632787086549556e-3) * ((((x[:,1])**(2)) * ((x[:,0])**(2))))) + (((7.60770971751594e-2) * (((x[:,0])**(2)))) + (((-5.0242307352166275e-2) * (np.exp((x[:,1])**(1)))) + (((-1.0389302587830032e-7) * (np.exp((x[:,0])**(2)))) + (((-0.10053729770569665) * (np.sin(((x[:,1])**(2)) * ((x[:,0])**(2))))) + (((0.13617860568288684) * (((x[:,1])**(2)))) + ((0.15086819189005626) * (((x[:,1])**(1))))))))))) / ((1.0) + (((0.14106206238493385) * (np.sin((x[:,1])**(1)))) + (((-1.6369162902776527e-2) * (((x[:,1])**(1)))) + ((-2.4922719082602195e-3) * ((((x[:,1])**(1)) * ((x[:,0])**(2)))))))))"

======================================
"Id((0.8477158024352826) + (((-1.6192304252702748e-7) * (Exp(((x1)^(1)) * ((x0)^(1))))) + (((0.2082021345573979) * (Id((x1)^(1)))) + (((0.12313015610707397) * (Id((x1)^(2)))) + (((-4.8651714262786826e-2) * (Exp((x1)^(1)))) + (((6.54776116595664e-2) * (Id((x0)^(2)))) + (((-2.32975027196002e-2) * (Sin((x0)^(2)))) + (((-4.7750015926377745e-2) * (Sin((x1)^(2)))) + (((-0.23578965610724373) * (Sin((x1)^(1)))) + ((-8.440506595939865e-8) * (Exp((x0)^(2)))))))))))))","[0.8477158024352826,-1.6192304252702748e-7,0.2082021345573979,0.12313015610707397,-4.8651714262786826e-2,6.54776116595664e-2,-2.32975027196002e-2,-4.7750015926377745e-2,-0.23578965610724373,-8.440506595939865e-8]","((0.8477158024352826) + (((-1.6192304252702748e-7) * (np.exp(((x[:,1])**(1)) * ((x[:,0])**(1))))) + (((0.2082021345573979) * (((x[:,1])**(1)))) + (((0.12313015610707397) * (((x[:,1])**(2)))) + (((-4.8651714262786826e-2) * (np.exp((x[:,1])**(1)))) + (((6.54776116595664e-2) * (((x[:,0])**(2)))) + (((-2.32975027196002e-2) * (np.sin((x[:,0])**(2)))) + (((-4.7750015926377745e-2) * (np.sin((x[:,1])**(2)))) + (((-0.23578965610724373) * (np.sin((x[:,1])**(1)))) + ((-8.440506595939865e-8) * (np.exp((x[:,0])**(2)))))))))))))"

======================================
"Id((0.8474919638009143) + (((0.2002409176039935) * (Id((x1)^(1)))) + (((6.597078629731919e-2) * (Id((x0)^(2)))) + (((0.12008173052329982) * (Id((x1)^(2)))) + (((-5.499096166210418e-2) * (Sin((x1)^(2)))) + (((-9.688345112206023e-8) * (Exp((x0)^(2)))) + (((-4.6559947133308854e-2) * (Exp((x1)^(1)))) + (((-1.63651007694038e-8) * (Exp((x1)^(2)))) + ((-0.22461391071808318) * (Sin((x1)^(1))))))))))))","[0.8474919638009143,0.2002409176039935,6.597078629731919e-2,0.12008173052329982,-5.499096166210418e-2,-9.688345112206023e-8,-4.6559947133308854e-2,-1.63651007694038e-8,-0.22461391071808318]","((0.8474919638009143) + (((0.2002409176039935) * (((x[:,1])**(1)))) + (((6.597078629731919e-2) * (((x[:,0])**(2)))) + (((0.12008173052329982) * (((x[:,1])**(2)))) + (((-5.499096166210418e-2) * (np.sin((x[:,1])**(2)))) + (((-9.688345112206023e-8) * (np.exp((x[:,0])**(2)))) + (((-4.6559947133308854e-2) * (np.exp((x[:,1])**(1)))) + (((-1.63651007694038e-8) * (np.exp((x[:,1])**(2)))) + ((-0.22461391071808318) * (np.sin((x[:,1])**(1))))))))))))"

======================================
"Id(((0.8473202787406261) + (((-3.369138160370376e-3) * (Id(((x1)^(2)) * ((x0)^(1))))) + (((6.038232334528068e-3) * (Id(((x1)^(1)) * ((x0)^(2))))) + (((-7.66802984772615e-2) * (Sin((x1)^(2)))) + (((0.1533811485853679) * (Id((x1)^(1)))) + (((-0.3397135692117055) * (Sin((x0)^(1)))) + (((0.11549584418320374) * (Id((x1)^(2)))) + (((-6.137293070505677e-2) * (Exp((x0)^(1)))) + (((-4.5113514181191285e-2) * (Exp((x1)^(1)))) + (((0.28844784604025714) * (Id((x0)^(1)))) + ((0.142180021945429) * (Id((x0)^(2)))))))))))))) / ((1.0) + ((0.12189606965606425) * (Sin((x1)^(1))))))","[0.8473202787406261,-3.369138160370376e-3,6.038232334528068e-3,-7.66802984772615e-2,0.1533811485853679,-0.3397135692117055,0.11549584418320374,-6.137293070505677e-2,-4.5113514181191285e-2,0.28844784604025714,0.142180021945429,0.12189606965606425]","(((0.8473202787406261) + (((-3.369138160370376e-3) * ((((x[:,1])**(2)) * ((x[:,0])**(1))))) + (((6.038232334528068e-3) * ((((x[:,1])**(1)) * ((x[:,0])**(2))))) + (((-7.66802984772615e-2) * (np.sin((x[:,1])**(2)))) + (((0.1533811485853679) * (((x[:,1])**(1)))) + (((-0.3397135692117055) * (np.sin((x[:,0])**(1)))) + (((0.11549584418320374) * (((x[:,1])**(2)))) + (((-6.137293070505677e-2) * (np.exp((x[:,0])**(1)))) + (((-4.5113514181191285e-2) * (np.exp((x[:,1])**(1)))) + (((0.28844784604025714) * (((x[:,0])**(1)))) + ((0.142180021945429) * (((x[:,0])**(2)))))))))))))) / ((1.0) + ((0.12189606965606425) * (np.sin((x[:,1])**(1))))))"

======================================
"Id(((0.8728069752216612) + (((-1.8962751243794633e-7) * (Exp(((x1)^(1)) * ((x0)^(1))))) + (((-3.39593316837342e-2) * (Exp((x1)^(1)))) + (((-3.743845135405788e-2) * (Sin((x1)^(2)))) + (((6.415987564555786e-2) * (Id((x0)^(2)))) + (((-3.256045096086749e-2) * (Sin((x0)^(2)))) + (((-9.636710023974315e-2) * (Sin(((x1)^(2)) * ((x0)^(2))))) + (((0.1028619891555316) * (Id((x1)^(2)))) + ((-7.925663183617093e-8) * (Exp((x0)^(2)))))))))))) / ((1.0) + (((-7.834343929869324e-2) * (Id((x1)^(1)))) + ((8.314267030428414e-2) * (Sin((x1)^(1)))))))","[0.8728069752216612,-1.8962751243794633e-7,-3.39593316837342e-2,-3.743845135405788e-2,6.415987564555786e-2,-3.256045096086749e-2,-9.636710023974315e-2,0.1028619891555316,-7.925663183617093e-8,-7.834343929869324e-2,8.314267030428414e-2]","(((0.8728069752216612) + (((-1.8962751243794633e-7) * (np.exp(((x[:,1])**(1)) * ((x[:,0])**(1))))) + (((-3.39593316837342e-2) * (np.exp((x[:,1])**(1)))) + (((-3.743845135405788e-2) * (np.sin((x[:,1])**(2)))) + (((6.415987564555786e-2) * (((x[:,0])**(2)))) + (((-3.256045096086749e-2) * (np.sin((x[:,0])**(2)))) + (((-9.636710023974315e-2) * (np.sin(((x[:,1])**(2)) * ((x[:,0])**(2))))) + (((0.1028619891555316) * (((x[:,1])**(2)))) + ((-7.925663183617093e-8) * (np.exp((x[:,0])**(2)))))))))))) / ((1.0) + (((-7.834343929869324e-2) * (((x[:,1])**(1)))) + ((8.314267030428414e-2) * (np.sin((x[:,1])**(1)))))))"

======================================
"Id(((0.8731400828718148) + (((-2.08265766334251e-3) * (Exp((x1)^(1)))) + (((-9.232815117486855e-8) * (Exp((x0)^(2)))) + (((-6.34921855308489e-2) * (Sin((x1)^(2)))) + (((6.090899315172145e-2) * (Id((x1)^(2)))) + (((-8.955164953524937e-2) * (Sin(((x1)^(2)) * ((x0)^(2))))) + ((6.649148965403345e-2) * (Id((x0)^(2)))))))))) / ((1.0) + ((3.292200275780339e-8) * (Exp((x1)^(2))))))","[0.8731400828718148,-2.08265766334251e-3,-9.232815117486855e-8,-6.34921855308489e-2,6.090899315172145e-2,-8.955164953524937e-2,6.649148965403345e-2,3.292200275780339e-8]","(((0.8731400828718148) + (((-2.08265766334251e-3) * (np.exp((x[:,1])**(1)))) + (((-9.232815117486855e-8) * (np.exp((x[:,0])**(2)))) + (((-6.34921855308489e-2) * (np.sin((x[:,1])**(2)))) + (((6.090899315172145e-2) * (((x[:,1])**(2)))) + (((-8.955164953524937e-2) * (np.sin(((x[:,1])**(2)) * ((x[:,0])**(2))))) + ((6.649148965403345e-2) * (((x[:,0])**(2)))))))))) / ((1.0) + ((3.292200275780339e-8) * (np.exp((x[:,1])**(2))))))"

======================================
"Id((0.79778686999104) + (((-1.0963253215868809e-7) * (Exp((x0)^(2)))) + (((7.551520679603324e-2) * (Id((x0)^(2)))) + (((8.783524642460899e-2) * (Id((x1)^(2)))) + (((-5.920869582607795e-8) * (Exp((x1)^(2)))) + (((-7.18376692418739e-2) * (Sin((x1)^(2)))) + (((-1.1550885501417894e-2) * (Exp((x1)^(1)))) + (((6.454966336869102e-3) * (Id(((x1)^(1)) * ((x0)^(2))))) + ((-1.719185468461509e-3) * (Id(((x1)^(2)) * ((x0)^(2)))))))))))))","[0.79778686999104,-1.0963253215868809e-7,7.551520679603324e-2,8.783524642460899e-2,-5.920869582607795e-8,-7.18376692418739e-2,-1.1550885501417894e-2,6.454966336869102e-3,-1.719185468461509e-3]","((0.79778686999104) + (((-1.0963253215868809e-7) * (np.exp((x[:,0])**(2)))) + (((7.551520679603324e-2) * (((x[:,0])**(2)))) + (((8.783524642460899e-2) * (((x[:,1])**(2)))) + (((-5.920869582607795e-8) * (np.exp((x[:,1])**(2)))) + (((-7.18376692418739e-2) * (np.sin((x[:,1])**(2)))) + (((-1.1550885501417894e-2) * (np.exp((x[:,1])**(1)))) + (((6.454966336869102e-3) * ((((x[:,1])**(1)) * ((x[:,0])**(2))))) + ((-1.719185468461509e-3) * ((((x[:,1])**(2)) * ((x[:,0])**(2)))))))))))))"

======================================
"Id(((0.8352613584221147) + (((6.762036003094365e-2) * (Id((x0)^(2)))) + (((-9.697274162587188e-8) * (Exp((x0)^(2)))) + (((-5.729576989258417e-2) * (Sin((x1)^(2)))) + (((-6.180474802647984e-8) * (Exp((x1)^(2)))) + (((6.402608667998779e-3) * (Id(((x1)^(1)) * ((x0)^(2))))) + (((-1.1021991537430722e-2) * (Exp((x1)^(1)))) + ((7.809712054380105e-2) * (Id((x1)^(2))))))))))) / ((1.0) + (((9.44500912938714e-8) * (Exp(((x1)^(1)) * ((x0)^(1))))) + ((3.799758548668855e-2) * (Sin(((x1)^(2)) * ((x0)^(2))))))))","[0.8352613584221147,6.762036003094365e-2,-9.697274162587188e-8,-5.729576989258417e-2,-6.180474802647984e-8,6.402608667998779e-3,-1.1021991537430722e-2,7.809712054380105e-2,9.44500912938714e-8,3.799758548668855e-2]","(((0.8352613584221147) + (((6.762036003094365e-2) * (((x[:,0])**(2)))) + (((-9.697274162587188e-8) * (np.exp((x[:,0])**(2)))) + (((-5.729576989258417e-2) * (np.sin((x[:,1])**(2)))) + (((-6.180474802647984e-8) * (np.exp((x[:,1])**(2)))) + (((6.402608667998779e-3) * ((((x[:,1])**(1)) * ((x[:,0])**(2))))) + (((-1.1021991537430722e-2) * (np.exp((x[:,1])**(1)))) + ((7.809712054380105e-2) * (((x[:,1])**(2))))))))))) / ((1.0) + (((9.44500912938714e-8) * (np.exp(((x[:,1])**(1)) * ((x[:,0])**(1))))) + ((3.799758548668855e-2) * (np.sin(((x[:,1])**(2)) * ((x[:,0])**(2))))))))"

======================================
"Id(((0.845279818607604) + (((-6.093683753820399e-2) * (Sin((x1)^(2)))) + (((8.071878613847557e-2) * (Id((x1)^(1)))) + (((6.088813161909383e-3) * (Id(((x1)^(1)) * ((x0)^(2))))) + (((-1.0541901533074469e-7) * (Exp((x0)^(2)))) + (((0.12084327830646609) * (Id((x1)^(2)))) + (((8.071878613847383e-2) * (Id((x1)^(1)))) + (((-4.7439187608828946e-2) * (Exp((x1)^(1)))) + ((6.661094948956363e-2) * (Id((x0)^(2)))))))))))) / ((1.0) + ((0.12884535867216904) * (Sin((x1)^(1))))))","[0.845279818607604,-6.093683753820399e-2,8.071878613847557e-2,6.088813161909383e-3,-1.0541901533074469e-7,0.12084327830646609,8.071878613847383e-2,-4.7439187608828946e-2,6.661094948956363e-2,0.12884535867216904]","(((0.845279818607604) + (((-6.093683753820399e-2) * (np.sin((x[:,1])**(2)))) + (((8.071878613847557e-2) * (((x[:,1])**(1)))) + (((6.088813161909383e-3) * ((((x[:,1])**(1)) * ((x[:,0])**(2))))) + (((-1.0541901533074469e-7) * (np.exp((x[:,0])**(2)))) + (((0.12084327830646609) * (((x[:,1])**(2)))) + (((8.071878613847383e-2) * (((x[:,1])**(1)))) + (((-4.7439187608828946e-2) * (np.exp((x[:,1])**(1)))) + ((6.661094948956363e-2) * (((x[:,0])**(2)))))))))))) / ((1.0) + ((0.12884535867216904) * (np.sin((x[:,1])**(1))))))"

======================================
"Id(((0.8367861737831453) + (((-9.689119193185755e-2) * (Sin(((x1)^(2)) * ((x0)^(2))))) + (((8.450607259628069e-2) * (Id((x1)^(2)))) + (((-5.7943391585057985e-8) * (Exp((x1)^(2)))) + (((-8.164089492496879e-8) * (Exp((x0)^(2)))) + (((6.541371117421174e-2) * (Id((x0)^(2)))) + ((-1.5916535397491178e-2) * (Exp((x1)^(1)))))))))) / ((1.0) + (((-3.4850516862839444e-2) * (Id((x1)^(1)))) + ((1.14312233339845e-7) * (Exp(((x1)^(1)) * ((x0)^(1))))))))","[0.8367861737831453,-9.689119193185755e-2,8.450607259628069e-2,-5.7943391585057985e-8,-8.164089492496879e-8,6.541371117421174e-2,-1.5916535397491178e-2,-3.4850516862839444e-2,1.14312233339845e-7]","(((0.8367861737831453) + (((-9.689119193185755e-2) * (np.sin(((x[:,1])**(2)) * ((x[:,0])**(2))))) + (((8.450607259628069e-2) * (((x[:,1])**(2)))) + (((-5.7943391585057985e-8) * (np.exp((x[:,1])**(2)))) + (((-8.164089492496879e-8) * (np.exp((x[:,0])**(2)))) + (((6.541371117421174e-2) * (((x[:,0])**(2)))) + ((-1.5916535397491178e-2) * (np.exp((x[:,1])**(1)))))))))) / ((1.0) + (((-3.4850516862839444e-2) * (((x[:,1])**(1)))) + ((1.14312233339845e-7) * (np.exp(((x[:,1])**(1)) * ((x[:,0])**(1))))))))"

======================================
"Id(((0.8332111472880492) + (((5.011176023369304e-3) * (Id(((x1)^(1)) * ((x0)^(2))))) + (((-1.640854863362242e-8) * (Exp((x1)^(2)))) + (((-0.1035160590637362) * (Sin((x1)^(1)))) + (((-0.10351605906611597) * (Sin((x1)^(1)))) + (((-4.51945518947635e-2) * (Exp((x1)^(1)))) + (((6.682265119987062e-2) * (Id((x0)^(2)))) + (((-9.919901500888213e-8) * (Exp((x0)^(2)))) + (((-4.851462697584352e-2) * (Sin((x1)^(2)))) + (((0.12065548137261385) * (Id((x1)^(2)))) + ((0.16088272224254507) * (Id((x1)^(1)))))))))))))) / ((1.0) + ((6.917542779341863e-8) * (Exp(((x1)^(1)) * ((x0)^(1)))))))","[0.8332111472880492,5.011176023369304e-3,-1.640854863362242e-8,-0.1035160590637362,-0.10351605906611597,-4.51945518947635e-2,6.682265119987062e-2,-9.919901500888213e-8,-4.851462697584352e-2,0.12065548137261385,0.16088272224254507,6.917542779341863e-8]","(((0.8332111472880492) + (((5.011176023369304e-3) * ((((x[:,1])**(1)) * ((x[:,0])**(2))))) + (((-1.640854863362242e-8) * (np.exp((x[:,1])**(2)))) + (((-0.1035160590637362) * (np.sin((x[:,1])**(1)))) + (((-0.10351605906611597) * (np.sin((x[:,1])**(1)))) + (((-4.51945518947635e-2) * (np.exp((x[:,1])**(1)))) + (((6.682265119987062e-2) * (((x[:,0])**(2)))) + (((-9.919901500888213e-8) * (np.exp((x[:,0])**(2)))) + (((-4.851462697584352e-2) * (np.sin((x[:,1])**(2)))) + (((0.12065548137261385) * (((x[:,1])**(2)))) + ((0.16088272224254507) * (((x[:,1])**(1)))))))))))))) / ((1.0) + ((6.917542779341863e-8) * (np.exp(((x[:,1])**(1)) * ((x[:,0])**(1)))))))"

======================================
"Id(((0.8465611611398778) + (((-0.10507377814413009) * (Sin(((x1)^(2)) * ((x0)^(2))))) + (((-4.1517289324137036e-2) * (Exp((x1)^(1)))) + (((0.17565565584907944) * (Id((x1)^(1)))) + (((6.546358694945821e-2) * (Id((x0)^(2)))) + (((-3.4011995494397006e-2) * (Sin((x0)^(2)))) + (((-7.605937127574427e-8) * (Exp((x0)^(2)))) + (((-2.1663838660900656e-8) * (Exp((x1)^(2)))) + ((0.11519227474714255) * (Id((x1)^(2)))))))))))) / ((1.0) + (((0.12230787020595973) * (Sin((x1)^(1)))) + ((1.0260005809553616e-7) * (Exp(((x1)^(1)) * ((x0)^(1))))))))","[0.8465611611398778,-0.10507377814413009,-4.1517289324137036e-2,0.17565565584907944,6.546358694945821e-2,-3.4011995494397006e-2,-7.605937127574427e-8,-2.1663838660900656e-8,0.11519227474714255,0.12230787020595973,1.0260005809553616e-7]","(((0.8465611611398778) + (((-0.10507377814413009) * (np.sin(((x[:,1])**(2)) * ((x[:,0])**(2))))) + (((-4.1517289324137036e-2) * (np.exp((x[:,1])**(1)))) + (((0.17565565584907944) * (((x[:,1])**(1)))) + (((6.546358694945821e-2) * (((x[:,0])**(2)))) + (((-3.4011995494397006e-2) * (np.sin((x[:,0])**(2)))) + (((-7.605937127574427e-8) * (np.exp((x[:,0])**(2)))) + (((-2.1663838660900656e-8) * (np.exp((x[:,1])**(2)))) + ((0.11519227474714255) * (((x[:,1])**(2)))))))))))) / ((1.0) + (((0.12230787020595973) * (np.sin((x[:,1])**(1)))) + ((1.0260005809553616e-7) * (np.exp(((x[:,1])**(1)) * ((x[:,0])**(1))))))))"

======================================
"Id(((0.8513422980542932) + (((-3.559909527403343e-2) * (Sin((x0)^(2)))) + (((-2.0488118313729077e-7) * (Exp(((x1)^(1)) * ((x0)^(1))))) + (((-9.284317310296928e-4) * (Id(((x1)^(2)) * ((x0)^(1))))) + (((6.318439871480766e-2) * (Id((x1)^(2)))) + (((-8.029759026679125e-8) * (Exp((x0)^(2)))) + (((-6.955929159957686e-2) * (Sin((x1)^(2)))) + ((6.672029083211489e-2) * (Id((x0)^(2))))))))))) / ((1.0) + ((3.973527852523214e-8) * (Exp((x1)^(2))))))","[0.8513422980542932,-3.559909527403343e-2,-2.0488118313729077e-7,-9.284317310296928e-4,6.318439871480766e-2,-8.029759026679125e-8,-6.955929159957686e-2,6.672029083211489e-2,3.973527852523214e-8]","(((0.8513422980542932) + (((-3.559909527403343e-2) * (np.sin((x[:,0])**(2)))) + (((-2.0488118313729077e-7) * (np.exp(((x[:,1])**(1)) * ((x[:,0])**(1))))) + (((-9.284317310296928e-4) * ((((x[:,1])**(2)) * ((x[:,0])**(1))))) + (((6.318439871480766e-2) * (((x[:,1])**(2)))) + (((-8.029759026679125e-8) * (np.exp((x[:,0])**(2)))) + (((-6.955929159957686e-2) * (np.sin((x[:,1])**(2)))) + ((6.672029083211489e-2) * (((x[:,0])**(2))))))))))) / ((1.0) + ((3.973527852523214e-8) * (np.exp((x[:,1])**(2))))))"

======================================
