0.18100576651946637,  ((-2.0355476609317207) + (((2.2259157719520855e13) * (((x[:,0])**(2)))) + (((2.0641662261219205) * (np.exp((x[:,0])**(1)))) + (((-4.461253447838573) * (((x[:,0])**(1)))) + (((3.4129180339996066) * (np.sin((x[:,0])**(1)))) + (((-2.225915771952212e13) * (((x[:,0])**(2)))) + ((0.10548993341253501) * (np.sin((x[:,0])**(2))))))))))
0.18135892326547168,  ((-2.30843143617323) + (((-1.7292381492135471) * (((x[:,0])**(2)))) + (((2.3006311006911453) * (np.exp((x[:,0])**(1)))) + (((0.3771232573983828) * (np.sin((x[:,0])**(2)))) + (((-5.00937774706665) * (((x[:,0])**(1)))) + (((3.7326571744724886) * (np.sin((x[:,0])**(1)))) + (((2.8316921821010546e-2) * (np.exp((x[:,0])**(2)))) + ((2.8316921821010917e-2) * (np.exp((x[:,0])**(2)))))))))))
0.18135892326547168,  ((-2.30843143617323) + (((-1.7292381492135471) * (((x[:,0])**(2)))) + (((2.3006311006911453) * (np.exp((x[:,0])**(1)))) + (((0.3771232573983828) * (np.sin((x[:,0])**(2)))) + (((-5.00937774706665) * (((x[:,0])**(1)))) + (((3.7326571744724886) * (np.sin((x[:,0])**(1)))) + (((2.8316921821010546e-2) * (np.exp((x[:,0])**(2)))) + ((2.8316921821010917e-2) * (np.exp((x[:,0])**(2)))))))))))
0.18135892326547168,  ((-2.30843143617323) + (((-1.7292381492135471) * (((x[:,0])**(2)))) + (((2.3006311006911453) * (np.exp((x[:,0])**(1)))) + (((0.3771232573983828) * (np.sin((x[:,0])**(2)))) + (((-5.00937774706665) * (((x[:,0])**(1)))) + (((3.7326571744724886) * (np.sin((x[:,0])**(1)))) + (((2.8316921821010546e-2) * (np.exp((x[:,0])**(2)))) + ((2.8316921821010917e-2) * (np.exp((x[:,0])**(2)))))))))))
0.18135892326547168,  ((-2.30843143617323) + (((-1.7292381492135471) * (((x[:,0])**(2)))) + (((2.3006311006911453) * (np.exp((x[:,0])**(1)))) + (((0.3771232573983828) * (np.sin((x[:,0])**(2)))) + (((-5.00937774706665) * (((x[:,0])**(1)))) + (((3.7326571744724886) * (np.sin((x[:,0])**(1)))) + (((2.8316921821010546e-2) * (np.exp((x[:,0])**(2)))) + ((2.8316921821010917e-2) * (np.exp((x[:,0])**(2)))))))))))
0.18135892326547168,  ((-2.30843143617323) + (((-1.7292381492135471) * (((x[:,0])**(2)))) + (((2.3006311006911453) * (np.exp((x[:,0])**(1)))) + (((0.3771232573983828) * (np.sin((x[:,0])**(2)))) + (((-5.00937774706665) * (((x[:,0])**(1)))) + (((3.7326571744724886) * (np.sin((x[:,0])**(1)))) + (((2.8316921821010546e-2) * (np.exp((x[:,0])**(2)))) + ((2.8316921821010917e-2) * (np.exp((x[:,0])**(2)))))))))))
0.18135892326547168,  ((-2.30843143617323) + (((-1.7292381492135471) * (((x[:,0])**(2)))) + (((2.3006311006911453) * (np.exp((x[:,0])**(1)))) + (((0.3771232573983828) * (np.sin((x[:,0])**(2)))) + (((-5.00937774706665) * (((x[:,0])**(1)))) + (((3.7326571744724886) * (np.sin((x[:,0])**(1)))) + (((2.8316921821010546e-2) * (np.exp((x[:,0])**(2)))) + ((2.8316921821010917e-2) * (np.exp((x[:,0])**(2)))))))))))
0.18135892326547168,  ((-2.30843143617323) + (((-1.7292381492135471) * (((x[:,0])**(2)))) + (((2.3006311006911453) * (np.exp((x[:,0])**(1)))) + (((0.3771232573983828) * (np.sin((x[:,0])**(2)))) + (((-5.00937774706665) * (((x[:,0])**(1)))) + (((3.7326571744724886) * (np.sin((x[:,0])**(1)))) + (((2.8316921821010546e-2) * (np.exp((x[:,0])**(2)))) + ((2.8316921821010917e-2) * (np.exp((x[:,0])**(2)))))))))))
0.18135892326547168,  ((-2.30843143617323) + (((-1.7292381492135471) * (((x[:,0])**(2)))) + (((2.3006311006911453) * (np.exp((x[:,0])**(1)))) + (((0.3771232573983828) * (np.sin((x[:,0])**(2)))) + (((-5.00937774706665) * (((x[:,0])**(1)))) + (((3.7326571744724886) * (np.sin((x[:,0])**(1)))) + (((2.8316921821010546e-2) * (np.exp((x[:,0])**(2)))) + ((2.8316921821010917e-2) * (np.exp((x[:,0])**(2)))))))))))
0.18135892326547168,  ((-2.30843143617323) + (((-1.7292381492135471) * (((x[:,0])**(2)))) + (((2.3006311006911453) * (np.exp((x[:,0])**(1)))) + (((0.3771232573983828) * (np.sin((x[:,0])**(2)))) + (((-5.00937774706665) * (((x[:,0])**(1)))) + (((3.7326571744724886) * (np.sin((x[:,0])**(1)))) + (((2.8316921821010546e-2) * (np.exp((x[:,0])**(2)))) + ((2.8316921821010917e-2) * (np.exp((x[:,0])**(2)))))))))))
0.18154380183129884,  ((-1.6883076535632051) + (((-1.0020712269564835) * (((x[:,0])**(2)))) + (((1.7560540658797066) * (np.exp((x[:,0])**(1)))) + (((-3.774307426340653) * (((x[:,0])**(1)))) + (((3.028545432682241) * (np.sin((x[:,0])**(1)))) + (((-7.891035217229371e-3) * (np.exp((x[:,0])**(2)))) + ((-7.891035217031123e-3) * (np.exp((x[:,0])**(2))))))))))
0.18135892326547168,  ((-2.30843143617323) + (((-1.7292381492135471) * (((x[:,0])**(2)))) + (((2.3006311006911453) * (np.exp((x[:,0])**(1)))) + (((0.3771232573983828) * (np.sin((x[:,0])**(2)))) + (((-5.00937774706665) * (((x[:,0])**(1)))) + (((3.7326571744724886) * (np.sin((x[:,0])**(1)))) + (((2.8316921821010546e-2) * (np.exp((x[:,0])**(2)))) + ((2.8316921821010917e-2) * (np.exp((x[:,0])**(2)))))))))))
0.18135892326547168,  ((-2.30843143617323) + (((-1.7292381492135471) * (((x[:,0])**(2)))) + (((2.3006311006911453) * (np.exp((x[:,0])**(1)))) + (((0.3771232573983828) * (np.sin((x[:,0])**(2)))) + (((-5.00937774706665) * (((x[:,0])**(1)))) + (((3.7326571744724886) * (np.sin((x[:,0])**(1)))) + (((2.8316921821010546e-2) * (np.exp((x[:,0])**(2)))) + ((2.8316921821010917e-2) * (np.exp((x[:,0])**(2)))))))))))
0.1821527548632772,  ((3.80371820095963e-2) + (((5.1785715077218575e-3) * (((x[:,0])**(2)))) + (((-9.589033994644701e-2) * (np.sin((x[:,0])**(2)))) + (((0.23189614787913862) * (((x[:,0])**(1)))) + (((0.7330679145633295) * (np.sin((x[:,0])**(1)))) + (((3.24651072220453e-3) * (np.exp((x[:,0])**(2)))) + ((3.2465107222071294e-3) * (np.exp((x[:,0])**(2))))))))))
0.18135892326547168,  ((-2.30843143617323) + (((-1.7292381492135471) * (((x[:,0])**(2)))) + (((2.3006311006911453) * (np.exp((x[:,0])**(1)))) + (((0.3771232573983828) * (np.sin((x[:,0])**(2)))) + (((-5.00937774706665) * (((x[:,0])**(1)))) + (((3.7326571744724886) * (np.sin((x[:,0])**(1)))) + (((2.8316921821010546e-2) * (np.exp((x[:,0])**(2)))) + ((2.8316921821010917e-2) * (np.exp((x[:,0])**(2)))))))))))
0.18135892326547168,  ((-2.30843143617323) + (((-1.7292381492135471) * (((x[:,0])**(2)))) + (((2.3006311006911453) * (np.exp((x[:,0])**(1)))) + (((0.3771232573983828) * (np.sin((x[:,0])**(2)))) + (((-5.00937774706665) * (((x[:,0])**(1)))) + (((3.7326571744724886) * (np.sin((x[:,0])**(1)))) + (((2.8316921821010546e-2) * (np.exp((x[:,0])**(2)))) + ((2.8316921821010917e-2) * (np.exp((x[:,0])**(2)))))))))))
0.18135892326547168,  ((-2.30843143617323) + (((-1.7292381492135471) * (((x[:,0])**(2)))) + (((2.3006311006911453) * (np.exp((x[:,0])**(1)))) + (((0.3771232573983828) * (np.sin((x[:,0])**(2)))) + (((-5.00937774706665) * (((x[:,0])**(1)))) + (((3.7326571744724886) * (np.sin((x[:,0])**(1)))) + (((2.8316921821010546e-2) * (np.exp((x[:,0])**(2)))) + ((2.8316921821010917e-2) * (np.exp((x[:,0])**(2)))))))))))
0.18135892326547168,  ((-2.30843143617323) + (((-1.7292381492135471) * (((x[:,0])**(2)))) + (((2.3006311006911453) * (np.exp((x[:,0])**(1)))) + (((0.3771232573983828) * (np.sin((x[:,0])**(2)))) + (((-5.00937774706665) * (((x[:,0])**(1)))) + (((3.7326571744724886) * (np.sin((x[:,0])**(1)))) + (((2.8316921821010546e-2) * (np.exp((x[:,0])**(2)))) + ((2.8316921821010917e-2) * (np.exp((x[:,0])**(2)))))))))))
0.18135892326547168,  ((-2.30843143617323) + (((-1.7292381492135471) * (((x[:,0])**(2)))) + (((2.3006311006911453) * (np.exp((x[:,0])**(1)))) + (((0.3771232573983828) * (np.sin((x[:,0])**(2)))) + (((-5.00937774706665) * (((x[:,0])**(1)))) + (((3.7326571744724886) * (np.sin((x[:,0])**(1)))) + (((2.8316921821010546e-2) * (np.exp((x[:,0])**(2)))) + ((2.8316921821010917e-2) * (np.exp((x[:,0])**(2)))))))))))
0.18135892326547168,  ((-2.30843143617323) + (((-1.7292381492135471) * (((x[:,0])**(2)))) + (((2.3006311006911453) * (np.exp((x[:,0])**(1)))) + (((0.3771232573983828) * (np.sin((x[:,0])**(2)))) + (((-5.00937774706665) * (((x[:,0])**(1)))) + (((3.7326571744724886) * (np.sin((x[:,0])**(1)))) + (((2.8316921821010546e-2) * (np.exp((x[:,0])**(2)))) + ((2.8316921821010917e-2) * (np.exp((x[:,0])**(2)))))))))))
0.18135892326547168,  ((-2.30843143617323) + (((-1.7292381492135471) * (((x[:,0])**(2)))) + (((2.3006311006911453) * (np.exp((x[:,0])**(1)))) + (((0.3771232573983828) * (np.sin((x[:,0])**(2)))) + (((-5.00937774706665) * (((x[:,0])**(1)))) + (((3.7326571744724886) * (np.sin((x[:,0])**(1)))) + (((2.8316921821010546e-2) * (np.exp((x[:,0])**(2)))) + ((2.8316921821010917e-2) * (np.exp((x[:,0])**(2)))))))))))
0.18135892326547168,  ((-2.30843143617323) + (((-1.7292381492135471) * (((x[:,0])**(2)))) + (((2.3006311006911453) * (np.exp((x[:,0])**(1)))) + (((0.3771232573983828) * (np.sin((x[:,0])**(2)))) + (((-5.00937774706665) * (((x[:,0])**(1)))) + (((3.7326571744724886) * (np.sin((x[:,0])**(1)))) + (((2.8316921821010546e-2) * (np.exp((x[:,0])**(2)))) + ((2.8316921821010917e-2) * (np.exp((x[:,0])**(2)))))))))))
0.18135892326547168,  ((-2.30843143617323) + (((-1.7292381492135471) * (((x[:,0])**(2)))) + (((2.3006311006911453) * (np.exp((x[:,0])**(1)))) + (((0.3771232573983828) * (np.sin((x[:,0])**(2)))) + (((-5.00937774706665) * (((x[:,0])**(1)))) + (((3.7326571744724886) * (np.sin((x[:,0])**(1)))) + (((2.8316921821010546e-2) * (np.exp((x[:,0])**(2)))) + ((2.8316921821010917e-2) * (np.exp((x[:,0])**(2)))))))))))
0.18135892326547168,  ((-2.30843143617323) + (((-1.7292381492135471) * (((x[:,0])**(2)))) + (((2.3006311006911453) * (np.exp((x[:,0])**(1)))) + (((0.3771232573983828) * (np.sin((x[:,0])**(2)))) + (((-5.00937774706665) * (((x[:,0])**(1)))) + (((3.7326571744724886) * (np.sin((x[:,0])**(1)))) + (((2.8316921821010546e-2) * (np.exp((x[:,0])**(2)))) + ((2.8316921821010917e-2) * (np.exp((x[:,0])**(2)))))))))))
0.18135892326547168,  ((-2.30843143617323) + (((-1.7292381492135471) * (((x[:,0])**(2)))) + (((2.3006311006911453) * (np.exp((x[:,0])**(1)))) + (((0.3771232573983828) * (np.sin((x[:,0])**(2)))) + (((-5.00937774706665) * (((x[:,0])**(1)))) + (((3.7326571744724886) * (np.sin((x[:,0])**(1)))) + (((2.8316921821010546e-2) * (np.exp((x[:,0])**(2)))) + ((2.8316921821010917e-2) * (np.exp((x[:,0])**(2)))))))))))
0.18135892326547168,  ((-2.30843143617323) + (((-1.7292381492135471) * (((x[:,0])**(2)))) + (((2.3006311006911453) * (np.exp((x[:,0])**(1)))) + (((0.3771232573983828) * (np.sin((x[:,0])**(2)))) + (((-5.00937774706665) * (((x[:,0])**(1)))) + (((3.7326571744724886) * (np.sin((x[:,0])**(1)))) + (((2.8316921821010546e-2) * (np.exp((x[:,0])**(2)))) + ((2.8316921821010917e-2) * (np.exp((x[:,0])**(2)))))))))))
0.18135892326547168,  ((-2.30843143617323) + (((-1.7292381492135471) * (((x[:,0])**(2)))) + (((2.3006311006911453) * (np.exp((x[:,0])**(1)))) + (((0.3771232573983828) * (np.sin((x[:,0])**(2)))) + (((-5.00937774706665) * (((x[:,0])**(1)))) + (((3.7326571744724886) * (np.sin((x[:,0])**(1)))) + (((2.8316921821010546e-2) * (np.exp((x[:,0])**(2)))) + ((2.8316921821010917e-2) * (np.exp((x[:,0])**(2)))))))))))
0.18135892326547168,  ((-2.30843143617323) + (((-1.7292381492135471) * (((x[:,0])**(2)))) + (((2.3006311006911453) * (np.exp((x[:,0])**(1)))) + (((0.3771232573983828) * (np.sin((x[:,0])**(2)))) + (((-5.00937774706665) * (((x[:,0])**(1)))) + (((3.7326571744724886) * (np.sin((x[:,0])**(1)))) + (((2.8316921821010546e-2) * (np.exp((x[:,0])**(2)))) + ((2.8316921821010917e-2) * (np.exp((x[:,0])**(2)))))))))))
0.18135892326547168,  ((-2.30843143617323) + (((-1.7292381492135471) * (((x[:,0])**(2)))) + (((2.3006311006911453) * (np.exp((x[:,0])**(1)))) + (((0.3771232573983828) * (np.sin((x[:,0])**(2)))) + (((-5.00937774706665) * (((x[:,0])**(1)))) + (((3.7326571744724886) * (np.sin((x[:,0])**(1)))) + (((2.8316921821010546e-2) * (np.exp((x[:,0])**(2)))) + ((2.8316921821010917e-2) * (np.exp((x[:,0])**(2)))))))))))
0.18154380183129884,  ((-1.6883076535632051) + (((-1.0020712269564835) * (((x[:,0])**(2)))) + (((1.7560540658797066) * (np.exp((x[:,0])**(1)))) + (((-3.774307426340653) * (((x[:,0])**(1)))) + (((3.028545432682241) * (np.sin((x[:,0])**(1)))) + (((-7.891035217229371e-3) * (np.exp((x[:,0])**(2)))) + ((-7.891035217031123e-3) * (np.exp((x[:,0])**(2))))))))))
0.18135892326547187,  ((-2.3084314361732328) + (((-1.7292381492135496) * (((x[:,0])**(2)))) + (((2.300631100691148) * (np.exp((x[:,0])**(1)))) + (((0.37712325739838715) * (np.sin((x[:,0])**(2)))) + (((-5.009377747066662) * (((x[:,0])**(1)))) + (((3.7326571744724912) * (np.sin((x[:,0])**(1)))) + ((5.663384364202158e-2) * (np.exp((x[:,0])**(2))))))))))
0.1821527548632772,  ((3.80371820095963e-2) + (((5.1785715077218575e-3) * (((x[:,0])**(2)))) + (((-9.589033994644701e-2) * (np.sin((x[:,0])**(2)))) + (((0.23189614787913862) * (((x[:,0])**(1)))) + (((0.7330679145633295) * (np.sin((x[:,0])**(1)))) + (((3.24651072220453e-3) * (np.exp((x[:,0])**(2)))) + ((3.2465107222071294e-3) * (np.exp((x[:,0])**(2))))))))))
0.18135892326547168,  ((-2.30843143617323) + (((-1.7292381492135471) * (((x[:,0])**(2)))) + (((2.3006311006911453) * (np.exp((x[:,0])**(1)))) + (((0.3771232573983828) * (np.sin((x[:,0])**(2)))) + (((-5.00937774706665) * (((x[:,0])**(1)))) + (((3.7326571744724886) * (np.sin((x[:,0])**(1)))) + (((2.8316921821010546e-2) * (np.exp((x[:,0])**(2)))) + ((2.8316921821010917e-2) * (np.exp((x[:,0])**(2)))))))))))
0.18135892326547168,  ((-2.30843143617323) + (((-1.7292381492135471) * (((x[:,0])**(2)))) + (((2.3006311006911453) * (np.exp((x[:,0])**(1)))) + (((0.3771232573983828) * (np.sin((x[:,0])**(2)))) + (((-5.00937774706665) * (((x[:,0])**(1)))) + (((3.7326571744724886) * (np.sin((x[:,0])**(1)))) + (((2.8316921821010546e-2) * (np.exp((x[:,0])**(2)))) + ((2.8316921821010917e-2) * (np.exp((x[:,0])**(2)))))))))))
0.18135892326547168,  ((-2.30843143617323) + (((-1.7292381492135471) * (((x[:,0])**(2)))) + (((2.3006311006911453) * (np.exp((x[:,0])**(1)))) + (((0.3771232573983828) * (np.sin((x[:,0])**(2)))) + (((-5.00937774706665) * (((x[:,0])**(1)))) + (((3.7326571744724886) * (np.sin((x[:,0])**(1)))) + (((2.8316921821010546e-2) * (np.exp((x[:,0])**(2)))) + ((2.8316921821010917e-2) * (np.exp((x[:,0])**(2)))))))))))
0.18135892326547168,  ((-2.30843143617323) + (((-1.7292381492135471) * (((x[:,0])**(2)))) + (((2.3006311006911453) * (np.exp((x[:,0])**(1)))) + (((0.3771232573983828) * (np.sin((x[:,0])**(2)))) + (((-5.00937774706665) * (((x[:,0])**(1)))) + (((3.7326571744724886) * (np.sin((x[:,0])**(1)))) + (((2.8316921821010546e-2) * (np.exp((x[:,0])**(2)))) + ((2.8316921821010917e-2) * (np.exp((x[:,0])**(2)))))))))))
0.18135892326547168,  ((-2.30843143617323) + (((-1.7292381492135471) * (((x[:,0])**(2)))) + (((2.3006311006911453) * (np.exp((x[:,0])**(1)))) + (((0.3771232573983828) * (np.sin((x[:,0])**(2)))) + (((-5.00937774706665) * (((x[:,0])**(1)))) + (((3.7326571744724886) * (np.sin((x[:,0])**(1)))) + (((2.8316921821010546e-2) * (np.exp((x[:,0])**(2)))) + ((2.8316921821010917e-2) * (np.exp((x[:,0])**(2)))))))))))
0.18135892326547168,  ((-2.30843143617323) + (((-1.7292381492135471) * (((x[:,0])**(2)))) + (((2.3006311006911453) * (np.exp((x[:,0])**(1)))) + (((0.3771232573983828) * (np.sin((x[:,0])**(2)))) + (((-5.00937774706665) * (((x[:,0])**(1)))) + (((3.7326571744724886) * (np.sin((x[:,0])**(1)))) + (((2.8316921821010546e-2) * (np.exp((x[:,0])**(2)))) + ((2.8316921821010917e-2) * (np.exp((x[:,0])**(2)))))))))))
0.18135892326547168,  ((-2.30843143617323) + (((-1.7292381492135471) * (((x[:,0])**(2)))) + (((2.3006311006911453) * (np.exp((x[:,0])**(1)))) + (((0.3771232573983828) * (np.sin((x[:,0])**(2)))) + (((-5.00937774706665) * (((x[:,0])**(1)))) + (((3.7326571744724886) * (np.sin((x[:,0])**(1)))) + (((2.8316921821010546e-2) * (np.exp((x[:,0])**(2)))) + ((2.8316921821010917e-2) * (np.exp((x[:,0])**(2)))))))))))
0.18135892326547168,  ((-2.30843143617323) + (((-1.7292381492135471) * (((x[:,0])**(2)))) + (((2.3006311006911453) * (np.exp((x[:,0])**(1)))) + (((0.3771232573983828) * (np.sin((x[:,0])**(2)))) + (((-5.00937774706665) * (((x[:,0])**(1)))) + (((3.7326571744724886) * (np.sin((x[:,0])**(1)))) + (((2.8316921821010546e-2) * (np.exp((x[:,0])**(2)))) + ((2.8316921821010917e-2) * (np.exp((x[:,0])**(2)))))))))))
0.18135892326547168,  ((-2.30843143617323) + (((-1.7292381492135471) * (((x[:,0])**(2)))) + (((2.3006311006911453) * (np.exp((x[:,0])**(1)))) + (((0.3771232573983828) * (np.sin((x[:,0])**(2)))) + (((-5.00937774706665) * (((x[:,0])**(1)))) + (((3.7326571744724886) * (np.sin((x[:,0])**(1)))) + (((2.8316921821010546e-2) * (np.exp((x[:,0])**(2)))) + ((2.8316921821010917e-2) * (np.exp((x[:,0])**(2)))))))))))
0.18199835142431608,  ((-0.3704438052506619) + (((-0.4226823597390113) * (((x[:,0])**(1)))) + (((0.46990558703394003) * (np.exp((x[:,0])**(1)))) + (((-0.28955792953243287) * (np.sin((x[:,0])**(2)))) + (((-0.42268235973901186) * (((x[:,0])**(1)))) + (((1.3529915140926165) * (np.sin((x[:,0])**(1)))) + (((-2.510439969037283e-2) * (np.exp((x[:,0])**(2)))) + ((-2.510439969037287e-2) * (np.exp((x[:,0])**(2)))))))))))
0.18135892326547168,  ((-2.30843143617323) + (((-1.7292381492135471) * (((x[:,0])**(2)))) + (((2.3006311006911453) * (np.exp((x[:,0])**(1)))) + (((0.3771232573983828) * (np.sin((x[:,0])**(2)))) + (((-5.00937774706665) * (((x[:,0])**(1)))) + (((3.7326571744724886) * (np.sin((x[:,0])**(1)))) + (((2.8316921821010546e-2) * (np.exp((x[:,0])**(2)))) + ((2.8316921821010917e-2) * (np.exp((x[:,0])**(2)))))))))))
0.18135892326547168,  ((-2.30843143617323) + (((-1.7292381492135471) * (((x[:,0])**(2)))) + (((2.3006311006911453) * (np.exp((x[:,0])**(1)))) + (((0.3771232573983828) * (np.sin((x[:,0])**(2)))) + (((-5.00937774706665) * (((x[:,0])**(1)))) + (((3.7326571744724886) * (np.sin((x[:,0])**(1)))) + (((2.8316921821010546e-2) * (np.exp((x[:,0])**(2)))) + ((2.8316921821010917e-2) * (np.exp((x[:,0])**(2)))))))))))
0.18135892326547168,  ((-2.30843143617323) + (((-1.7292381492135471) * (((x[:,0])**(2)))) + (((2.3006311006911453) * (np.exp((x[:,0])**(1)))) + (((0.3771232573983828) * (np.sin((x[:,0])**(2)))) + (((-5.00937774706665) * (((x[:,0])**(1)))) + (((3.7326571744724886) * (np.sin((x[:,0])**(1)))) + (((2.8316921821010546e-2) * (np.exp((x[:,0])**(2)))) + ((2.8316921821010917e-2) * (np.exp((x[:,0])**(2)))))))))))
0.18215275486327717,  ((3.803718200959155e-2) + (((5.1785715077011865e-3) * (((x[:,0])**(2)))) + (((2.1643404814720674e-3) * (np.exp((x[:,0])**(2)))) + (((-9.589033994642877e-2) * (np.sin((x[:,0])**(2)))) + (((0.2318961478791374) * (((x[:,0])**(1)))) + (((0.7330679145633303) * (np.sin((x[:,0])**(1)))) + (((2.1643404814717317e-3) * (np.exp((x[:,0])**(2)))) + ((2.1643404814717317e-3) * (np.exp((x[:,0])**(2)))))))))))
0.18135892326547168,  ((-2.30843143617323) + (((-1.7292381492135471) * (((x[:,0])**(2)))) + (((2.3006311006911453) * (np.exp((x[:,0])**(1)))) + (((0.3771232573983828) * (np.sin((x[:,0])**(2)))) + (((-5.00937774706665) * (((x[:,0])**(1)))) + (((3.7326571744724886) * (np.sin((x[:,0])**(1)))) + (((2.8316921821010546e-2) * (np.exp((x[:,0])**(2)))) + ((2.8316921821010917e-2) * (np.exp((x[:,0])**(2)))))))))))
0.18135892326547168,  ((-2.30843143617323) + (((-1.7292381492135471) * (((x[:,0])**(2)))) + (((2.3006311006911453) * (np.exp((x[:,0])**(1)))) + (((0.3771232573983828) * (np.sin((x[:,0])**(2)))) + (((-5.00937774706665) * (((x[:,0])**(1)))) + (((3.7326571744724886) * (np.sin((x[:,0])**(1)))) + (((2.8316921821010546e-2) * (np.exp((x[:,0])**(2)))) + ((2.8316921821010917e-2) * (np.exp((x[:,0])**(2)))))))))))
0.1824601872962891,  ((0.5987297406623768) + (((0.4140295855200581) * (((x[:,0])**(2)))) + (((-0.5509915436772631) * (np.exp((x[:,0])**(1)))) + (((-0.20429163795387925) * (np.sin((x[:,0])**(2)))) + (((1.4985454978343054) * (((x[:,0])**(1)))) + (((-2.092596437294307e-3) * (np.exp((x[:,0])**(2)))) + ((-2.092596437294307e-3) * (np.exp((x[:,0])**(2))))))))))
0.18135892326547168,  ((-2.30843143617323) + (((-1.7292381492135471) * (((x[:,0])**(2)))) + (((2.3006311006911453) * (np.exp((x[:,0])**(1)))) + (((0.3771232573983828) * (np.sin((x[:,0])**(2)))) + (((-5.00937774706665) * (((x[:,0])**(1)))) + (((3.7326571744724886) * (np.sin((x[:,0])**(1)))) + (((2.8316921821010546e-2) * (np.exp((x[:,0])**(2)))) + ((2.8316921821010917e-2) * (np.exp((x[:,0])**(2)))))))))))
0.18135892326547168,  ((-2.30843143617323) + (((-1.7292381492135471) * (((x[:,0])**(2)))) + (((2.3006311006911453) * (np.exp((x[:,0])**(1)))) + (((0.3771232573983828) * (np.sin((x[:,0])**(2)))) + (((-5.00937774706665) * (((x[:,0])**(1)))) + (((3.7326571744724886) * (np.sin((x[:,0])**(1)))) + (((2.8316921821010546e-2) * (np.exp((x[:,0])**(2)))) + ((2.8316921821010917e-2) * (np.exp((x[:,0])**(2)))))))))))
0.18210296260251818,  ((-6.807348983380695e-2) + (((-7.553789169396122e-2) * (((x[:,0])**(2)))) + (((0.1035233701005166) * (np.exp((x[:,0])**(1)))) + (((-7.257425450796093e-2) * (np.sin((x[:,0])**(2)))) + (((0.8630222171801211) * (np.sin((x[:,0])**(1)))) + (((4.644209050466832e-3) * (np.exp((x[:,0])**(2)))) + ((4.644209050466832e-3) * (np.exp((x[:,0])**(2))))))))))
0.18135892326547168,  ((-2.30843143617323) + (((-1.7292381492135471) * (((x[:,0])**(2)))) + (((2.3006311006911453) * (np.exp((x[:,0])**(1)))) + (((0.3771232573983828) * (np.sin((x[:,0])**(2)))) + (((-5.00937774706665) * (((x[:,0])**(1)))) + (((3.7326571744724886) * (np.sin((x[:,0])**(1)))) + (((2.8316921821010546e-2) * (np.exp((x[:,0])**(2)))) + ((2.8316921821010917e-2) * (np.exp((x[:,0])**(2)))))))))))
0.18135892326547168,  ((-2.30843143617323) + (((-1.7292381492135471) * (((x[:,0])**(2)))) + (((2.3006311006911453) * (np.exp((x[:,0])**(1)))) + (((0.3771232573983828) * (np.sin((x[:,0])**(2)))) + (((-5.00937774706665) * (((x[:,0])**(1)))) + (((3.7326571744724886) * (np.sin((x[:,0])**(1)))) + (((2.8316921821010546e-2) * (np.exp((x[:,0])**(2)))) + ((2.8316921821010917e-2) * (np.exp((x[:,0])**(2)))))))))))
0.18135892326547168,  ((-2.30843143617323) + (((-1.7292381492135471) * (((x[:,0])**(2)))) + (((2.3006311006911453) * (np.exp((x[:,0])**(1)))) + (((0.3771232573983828) * (np.sin((x[:,0])**(2)))) + (((-5.00937774706665) * (((x[:,0])**(1)))) + (((3.7326571744724886) * (np.sin((x[:,0])**(1)))) + (((2.8316921821010546e-2) * (np.exp((x[:,0])**(2)))) + ((2.8316921821010917e-2) * (np.exp((x[:,0])**(2)))))))))))
0.18135892326547168,  ((-2.30843143617323) + (((-1.7292381492135471) * (((x[:,0])**(2)))) + (((2.3006311006911453) * (np.exp((x[:,0])**(1)))) + (((0.3771232573983828) * (np.sin((x[:,0])**(2)))) + (((-5.00937774706665) * (((x[:,0])**(1)))) + (((3.7326571744724886) * (np.sin((x[:,0])**(1)))) + (((2.8316921821010546e-2) * (np.exp((x[:,0])**(2)))) + ((2.8316921821010917e-2) * (np.exp((x[:,0])**(2)))))))))))
0.18135892326547168,  ((-2.30843143617323) + (((-1.7292381492135471) * (((x[:,0])**(2)))) + (((2.3006311006911453) * (np.exp((x[:,0])**(1)))) + (((0.3771232573983828) * (np.sin((x[:,0])**(2)))) + (((-5.00937774706665) * (((x[:,0])**(1)))) + (((3.7326571744724886) * (np.sin((x[:,0])**(1)))) + (((2.8316921821010546e-2) * (np.exp((x[:,0])**(2)))) + ((2.8316921821010917e-2) * (np.exp((x[:,0])**(2)))))))))))
0.18215275486327706,  ((3.8037182009595695e-2) + (((5.178571507719797e-3) * (((x[:,0])**(2)))) + (((-9.589033994644476e-2) * (np.sin((x[:,0])**(2)))) + (((0.11594807393956831) * (((x[:,0])**(1)))) + (((0.11594807393956992) * (((x[:,0])**(1)))) + (((0.7330679145633312) * (np.sin((x[:,0])**(1)))) + (((3.246510722206549e-3) * (np.exp((x[:,0])**(2)))) + ((3.2465107222054874e-3) * (np.exp((x[:,0])**(2)))))))))))
0.18135892326547168,  ((-2.30843143617323) + (((-1.7292381492135471) * (((x[:,0])**(2)))) + (((2.3006311006911453) * (np.exp((x[:,0])**(1)))) + (((0.3771232573983828) * (np.sin((x[:,0])**(2)))) + (((-5.00937774706665) * (((x[:,0])**(1)))) + (((3.7326571744724886) * (np.sin((x[:,0])**(1)))) + (((2.8316921821010546e-2) * (np.exp((x[:,0])**(2)))) + ((2.8316921821010917e-2) * (np.exp((x[:,0])**(2)))))))))))
0.18135892326547168,  ((-2.30843143617323) + (((-1.7292381492135471) * (((x[:,0])**(2)))) + (((2.3006311006911453) * (np.exp((x[:,0])**(1)))) + (((0.3771232573983828) * (np.sin((x[:,0])**(2)))) + (((-5.00937774706665) * (((x[:,0])**(1)))) + (((3.7326571744724886) * (np.sin((x[:,0])**(1)))) + (((2.8316921821010546e-2) * (np.exp((x[:,0])**(2)))) + ((2.8316921821010917e-2) * (np.exp((x[:,0])**(2)))))))))))
0.18135892326547168,  ((-2.30843143617323) + (((-1.7292381492135471) * (((x[:,0])**(2)))) + (((2.3006311006911453) * (np.exp((x[:,0])**(1)))) + (((0.3771232573983828) * (np.sin((x[:,0])**(2)))) + (((-5.00937774706665) * (((x[:,0])**(1)))) + (((3.7326571744724886) * (np.sin((x[:,0])**(1)))) + (((2.8316921821010546e-2) * (np.exp((x[:,0])**(2)))) + ((2.8316921821010917e-2) * (np.exp((x[:,0])**(2)))))))))))
0.18135892326547168,  ((-2.30843143617323) + (((-1.7292381492135471) * (((x[:,0])**(2)))) + (((2.3006311006911453) * (np.exp((x[:,0])**(1)))) + (((0.3771232573983828) * (np.sin((x[:,0])**(2)))) + (((-5.00937774706665) * (((x[:,0])**(1)))) + (((3.7326571744724886) * (np.sin((x[:,0])**(1)))) + (((2.8316921821010546e-2) * (np.exp((x[:,0])**(2)))) + ((2.8316921821010917e-2) * (np.exp((x[:,0])**(2)))))))))))
0.18154380183129884,  ((-1.6883076535632051) + (((-1.0020712269564835) * (((x[:,0])**(2)))) + (((1.7560540658797066) * (np.exp((x[:,0])**(1)))) + (((-3.774307426340653) * (((x[:,0])**(1)))) + (((3.028545432682241) * (np.sin((x[:,0])**(1)))) + (((-7.891035217229371e-3) * (np.exp((x[:,0])**(2)))) + ((-7.891035217031123e-3) * (np.exp((x[:,0])**(2))))))))))
0.18135892326547187,  ((-2.3084314361732328) + (((-1.7292381492135496) * (((x[:,0])**(2)))) + (((2.300631100691148) * (np.exp((x[:,0])**(1)))) + (((0.37712325739838715) * (np.sin((x[:,0])**(2)))) + (((-5.009377747066662) * (((x[:,0])**(1)))) + (((3.7326571744724912) * (np.sin((x[:,0])**(1)))) + ((5.663384364202158e-2) * (np.exp((x[:,0])**(2))))))))))
0.18135892326547168,  ((-2.30843143617323) + (((-1.7292381492135471) * (((x[:,0])**(2)))) + (((2.3006311006911453) * (np.exp((x[:,0])**(1)))) + (((0.3771232573983828) * (np.sin((x[:,0])**(2)))) + (((-5.00937774706665) * (((x[:,0])**(1)))) + (((3.7326571744724886) * (np.sin((x[:,0])**(1)))) + (((2.8316921821010546e-2) * (np.exp((x[:,0])**(2)))) + ((2.8316921821010917e-2) * (np.exp((x[:,0])**(2)))))))))))
0.18135892326547168,  ((-2.30843143617323) + (((-1.7292381492135471) * (((x[:,0])**(2)))) + (((2.3006311006911453) * (np.exp((x[:,0])**(1)))) + (((0.3771232573983828) * (np.sin((x[:,0])**(2)))) + (((-5.00937774706665) * (((x[:,0])**(1)))) + (((3.7326571744724886) * (np.sin((x[:,0])**(1)))) + (((2.8316921821010546e-2) * (np.exp((x[:,0])**(2)))) + ((2.8316921821010917e-2) * (np.exp((x[:,0])**(2)))))))))))
0.18135892326547187,  ((-2.3084314361732328) + (((-1.7292381492135496) * (((x[:,0])**(2)))) + (((2.300631100691148) * (np.exp((x[:,0])**(1)))) + (((0.37712325739838715) * (np.sin((x[:,0])**(2)))) + (((-5.009377747066662) * (((x[:,0])**(1)))) + (((3.7326571744724912) * (np.sin((x[:,0])**(1)))) + ((5.663384364202158e-2) * (np.exp((x[:,0])**(2))))))))))
0.18135892326547168,  ((-2.30843143617323) + (((-1.7292381492135471) * (((x[:,0])**(2)))) + (((2.3006311006911453) * (np.exp((x[:,0])**(1)))) + (((0.3771232573983828) * (np.sin((x[:,0])**(2)))) + (((-5.00937774706665) * (((x[:,0])**(1)))) + (((3.7326571744724886) * (np.sin((x[:,0])**(1)))) + (((2.8316921821010546e-2) * (np.exp((x[:,0])**(2)))) + ((2.8316921821010917e-2) * (np.exp((x[:,0])**(2)))))))))))
0.18135892326547168,  ((-2.30843143617323) + (((-1.7292381492135471) * (((x[:,0])**(2)))) + (((2.3006311006911453) * (np.exp((x[:,0])**(1)))) + (((0.3771232573983828) * (np.sin((x[:,0])**(2)))) + (((-5.00937774706665) * (((x[:,0])**(1)))) + (((3.7326571744724886) * (np.sin((x[:,0])**(1)))) + (((2.8316921821010546e-2) * (np.exp((x[:,0])**(2)))) + ((2.8316921821010917e-2) * (np.exp((x[:,0])**(2)))))))))))
0.18135892326547168,  ((-2.30843143617323) + (((-1.7292381492135471) * (((x[:,0])**(2)))) + (((2.3006311006911453) * (np.exp((x[:,0])**(1)))) + (((0.3771232573983828) * (np.sin((x[:,0])**(2)))) + (((-5.00937774706665) * (((x[:,0])**(1)))) + (((3.7326571744724886) * (np.sin((x[:,0])**(1)))) + (((2.8316921821010546e-2) * (np.exp((x[:,0])**(2)))) + ((2.8316921821010917e-2) * (np.exp((x[:,0])**(2)))))))))))
0.18135892326547168,  ((-2.30843143617323) + (((-1.7292381492135471) * (((x[:,0])**(2)))) + (((2.3006311006911453) * (np.exp((x[:,0])**(1)))) + (((0.3771232573983828) * (np.sin((x[:,0])**(2)))) + (((-5.00937774706665) * (((x[:,0])**(1)))) + (((3.7326571744724886) * (np.sin((x[:,0])**(1)))) + (((2.8316921821010546e-2) * (np.exp((x[:,0])**(2)))) + ((2.8316921821010917e-2) * (np.exp((x[:,0])**(2)))))))))))
0.18154380183129876,  ((-1.6883076535632107) + (((-1.0020712269564878) * (((x[:,0])**(2)))) + (((1.7560540658797144) * (np.exp((x[:,0])**(1)))) + (((1.514272716341134) * (np.sin((x[:,0])**(1)))) + (((-3.7743074263406684) * (((x[:,0])**(1)))) + (((1.5142727163411132) * (np.sin((x[:,0])**(1)))) + (((-7.89103521724694e-3) * (np.exp((x[:,0])**(2)))) + ((-7.891035217013806e-3) * (np.exp((x[:,0])**(2)))))))))))
0.18135892326547168,  ((-2.30843143617323) + (((-1.7292381492135471) * (((x[:,0])**(2)))) + (((2.3006311006911453) * (np.exp((x[:,0])**(1)))) + (((0.3771232573983828) * (np.sin((x[:,0])**(2)))) + (((-5.00937774706665) * (((x[:,0])**(1)))) + (((3.7326571744724886) * (np.sin((x[:,0])**(1)))) + (((2.8316921821010546e-2) * (np.exp((x[:,0])**(2)))) + ((2.8316921821010917e-2) * (np.exp((x[:,0])**(2)))))))))))
0.18135892326547168,  ((-2.30843143617323) + (((-1.7292381492135471) * (((x[:,0])**(2)))) + (((2.3006311006911453) * (np.exp((x[:,0])**(1)))) + (((0.3771232573983828) * (np.sin((x[:,0])**(2)))) + (((-5.00937774706665) * (((x[:,0])**(1)))) + (((3.7326571744724886) * (np.sin((x[:,0])**(1)))) + (((2.8316921821010546e-2) * (np.exp((x[:,0])**(2)))) + ((2.8316921821010917e-2) * (np.exp((x[:,0])**(2)))))))))))
0.18135892326547168,  ((-2.30843143617323) + (((-1.7292381492135471) * (((x[:,0])**(2)))) + (((2.3006311006911453) * (np.exp((x[:,0])**(1)))) + (((0.3771232573983828) * (np.sin((x[:,0])**(2)))) + (((-5.00937774706665) * (((x[:,0])**(1)))) + (((3.7326571744724886) * (np.sin((x[:,0])**(1)))) + (((2.8316921821010546e-2) * (np.exp((x[:,0])**(2)))) + ((2.8316921821010917e-2) * (np.exp((x[:,0])**(2)))))))))))
0.18135892326547168,  ((-2.30843143617323) + (((-1.7292381492135471) * (((x[:,0])**(2)))) + (((2.3006311006911453) * (np.exp((x[:,0])**(1)))) + (((0.3771232573983828) * (np.sin((x[:,0])**(2)))) + (((-5.00937774706665) * (((x[:,0])**(1)))) + (((3.7326571744724886) * (np.sin((x[:,0])**(1)))) + (((2.8316921821010546e-2) * (np.exp((x[:,0])**(2)))) + ((2.8316921821010917e-2) * (np.exp((x[:,0])**(2)))))))))))
0.18135892326547168,  ((-2.30843143617323) + (((-1.7292381492135471) * (((x[:,0])**(2)))) + (((2.3006311006911453) * (np.exp((x[:,0])**(1)))) + (((0.3771232573983828) * (np.sin((x[:,0])**(2)))) + (((-5.00937774706665) * (((x[:,0])**(1)))) + (((3.7326571744724886) * (np.sin((x[:,0])**(1)))) + (((2.8316921821010546e-2) * (np.exp((x[:,0])**(2)))) + ((2.8316921821010917e-2) * (np.exp((x[:,0])**(2)))))))))))
0.18135892326547168,  ((-2.30843143617323) + (((-1.7292381492135471) * (((x[:,0])**(2)))) + (((2.3006311006911453) * (np.exp((x[:,0])**(1)))) + (((0.3771232573983828) * (np.sin((x[:,0])**(2)))) + (((-5.00937774706665) * (((x[:,0])**(1)))) + (((3.7326571744724886) * (np.sin((x[:,0])**(1)))) + (((2.8316921821010546e-2) * (np.exp((x[:,0])**(2)))) + ((2.8316921821010917e-2) * (np.exp((x[:,0])**(2)))))))))))
0.18135892326547168,  ((-2.30843143617323) + (((-1.7292381492135471) * (((x[:,0])**(2)))) + (((2.3006311006911453) * (np.exp((x[:,0])**(1)))) + (((0.3771232573983828) * (np.sin((x[:,0])**(2)))) + (((-5.00937774706665) * (((x[:,0])**(1)))) + (((3.7326571744724886) * (np.sin((x[:,0])**(1)))) + (((2.8316921821010546e-2) * (np.exp((x[:,0])**(2)))) + ((2.8316921821010917e-2) * (np.exp((x[:,0])**(2)))))))))))
0.18135892326547168,  ((-2.30843143617323) + (((-1.7292381492135471) * (((x[:,0])**(2)))) + (((2.3006311006911453) * (np.exp((x[:,0])**(1)))) + (((0.3771232573983828) * (np.sin((x[:,0])**(2)))) + (((-5.00937774706665) * (((x[:,0])**(1)))) + (((3.7326571744724886) * (np.sin((x[:,0])**(1)))) + (((2.8316921821010546e-2) * (np.exp((x[:,0])**(2)))) + ((2.8316921821010917e-2) * (np.exp((x[:,0])**(2)))))))))))
0.18135892326547168,  ((-2.30843143617323) + (((-1.7292381492135471) * (((x[:,0])**(2)))) + (((2.3006311006911453) * (np.exp((x[:,0])**(1)))) + (((0.3771232573983828) * (np.sin((x[:,0])**(2)))) + (((-5.00937774706665) * (((x[:,0])**(1)))) + (((3.7326571744724886) * (np.sin((x[:,0])**(1)))) + (((2.8316921821010546e-2) * (np.exp((x[:,0])**(2)))) + ((2.8316921821010917e-2) * (np.exp((x[:,0])**(2)))))))))))
0.18135892326547168,  ((-2.30843143617323) + (((-1.7292381492135471) * (((x[:,0])**(2)))) + (((2.3006311006911453) * (np.exp((x[:,0])**(1)))) + (((0.3771232573983828) * (np.sin((x[:,0])**(2)))) + (((-5.00937774706665) * (((x[:,0])**(1)))) + (((3.7326571744724886) * (np.sin((x[:,0])**(1)))) + (((2.8316921821010546e-2) * (np.exp((x[:,0])**(2)))) + ((2.8316921821010917e-2) * (np.exp((x[:,0])**(2)))))))))))
0.18135892326547187,  ((-2.3084314361732328) + (((-1.7292381492135496) * (((x[:,0])**(2)))) + (((2.300631100691148) * (np.exp((x[:,0])**(1)))) + (((0.37712325739838715) * (np.sin((x[:,0])**(2)))) + (((-5.009377747066662) * (((x[:,0])**(1)))) + (((3.7326571744724912) * (np.sin((x[:,0])**(1)))) + ((5.663384364202158e-2) * (np.exp((x[:,0])**(2))))))))))
0.18135892326547168,  ((-2.30843143617323) + (((-1.7292381492135471) * (((x[:,0])**(2)))) + (((2.3006311006911453) * (np.exp((x[:,0])**(1)))) + (((0.3771232573983828) * (np.sin((x[:,0])**(2)))) + (((-5.00937774706665) * (((x[:,0])**(1)))) + (((3.7326571744724886) * (np.sin((x[:,0])**(1)))) + (((2.8316921821010546e-2) * (np.exp((x[:,0])**(2)))) + ((2.8316921821010917e-2) * (np.exp((x[:,0])**(2)))))))))))
0.18135892326547168,  ((-2.30843143617323) + (((-1.7292381492135471) * (((x[:,0])**(2)))) + (((2.3006311006911453) * (np.exp((x[:,0])**(1)))) + (((0.3771232573983828) * (np.sin((x[:,0])**(2)))) + (((-5.00937774706665) * (((x[:,0])**(1)))) + (((3.7326571744724886) * (np.sin((x[:,0])**(1)))) + (((2.8316921821010546e-2) * (np.exp((x[:,0])**(2)))) + ((2.8316921821010917e-2) * (np.exp((x[:,0])**(2)))))))))))
0.18135892326547168,  ((-2.30843143617323) + (((-1.7292381492135471) * (((x[:,0])**(2)))) + (((2.3006311006911453) * (np.exp((x[:,0])**(1)))) + (((0.3771232573983828) * (np.sin((x[:,0])**(2)))) + (((-5.00937774706665) * (((x[:,0])**(1)))) + (((3.7326571744724886) * (np.sin((x[:,0])**(1)))) + (((2.8316921821010546e-2) * (np.exp((x[:,0])**(2)))) + ((2.8316921821010917e-2) * (np.exp((x[:,0])**(2)))))))))))
0.18135892326547168,  ((-2.30843143617323) + (((-1.7292381492135471) * (((x[:,0])**(2)))) + (((2.3006311006911453) * (np.exp((x[:,0])**(1)))) + (((0.3771232573983828) * (np.sin((x[:,0])**(2)))) + (((-5.00937774706665) * (((x[:,0])**(1)))) + (((3.7326571744724886) * (np.sin((x[:,0])**(1)))) + (((2.8316921821010546e-2) * (np.exp((x[:,0])**(2)))) + ((2.8316921821010917e-2) * (np.exp((x[:,0])**(2)))))))))))
0.18135892326547168,  ((-2.30843143617323) + (((-1.7292381492135471) * (((x[:,0])**(2)))) + (((2.3006311006911453) * (np.exp((x[:,0])**(1)))) + (((0.3771232573983828) * (np.sin((x[:,0])**(2)))) + (((-5.00937774706665) * (((x[:,0])**(1)))) + (((3.7326571744724886) * (np.sin((x[:,0])**(1)))) + (((2.8316921821010546e-2) * (np.exp((x[:,0])**(2)))) + ((2.8316921821010917e-2) * (np.exp((x[:,0])**(2)))))))))))
0.18135892326547168,  ((-2.30843143617323) + (((-1.7292381492135471) * (((x[:,0])**(2)))) + (((2.3006311006911453) * (np.exp((x[:,0])**(1)))) + (((0.3771232573983828) * (np.sin((x[:,0])**(2)))) + (((-5.00937774706665) * (((x[:,0])**(1)))) + (((3.7326571744724886) * (np.sin((x[:,0])**(1)))) + (((2.8316921821010546e-2) * (np.exp((x[:,0])**(2)))) + ((2.8316921821010917e-2) * (np.exp((x[:,0])**(2)))))))))))
0.18135892326547168,  ((-2.30843143617323) + (((-1.7292381492135471) * (((x[:,0])**(2)))) + (((2.3006311006911453) * (np.exp((x[:,0])**(1)))) + (((0.3771232573983828) * (np.sin((x[:,0])**(2)))) + (((-5.00937774706665) * (((x[:,0])**(1)))) + (((3.7326571744724886) * (np.sin((x[:,0])**(1)))) + (((2.8316921821010546e-2) * (np.exp((x[:,0])**(2)))) + ((2.8316921821010917e-2) * (np.exp((x[:,0])**(2)))))))))))
0.18135892326547168,  ((-2.30843143617323) + (((-1.7292381492135471) * (((x[:,0])**(2)))) + (((2.3006311006911453) * (np.exp((x[:,0])**(1)))) + (((0.3771232573983828) * (np.sin((x[:,0])**(2)))) + (((-5.00937774706665) * (((x[:,0])**(1)))) + (((3.7326571744724886) * (np.sin((x[:,0])**(1)))) + (((2.8316921821010546e-2) * (np.exp((x[:,0])**(2)))) + ((2.8316921821010917e-2) * (np.exp((x[:,0])**(2)))))))))))
0.18135892326547168,  ((-2.30843143617323) + (((-1.7292381492135471) * (((x[:,0])**(2)))) + (((2.3006311006911453) * (np.exp((x[:,0])**(1)))) + (((0.3771232573983828) * (np.sin((x[:,0])**(2)))) + (((-5.00937774706665) * (((x[:,0])**(1)))) + (((3.7326571744724886) * (np.sin((x[:,0])**(1)))) + (((2.8316921821010546e-2) * (np.exp((x[:,0])**(2)))) + ((2.8316921821010917e-2) * (np.exp((x[:,0])**(2)))))))))))
0.18135892326547168,  ((-2.30843143617323) + (((-1.7292381492135471) * (((x[:,0])**(2)))) + (((2.3006311006911453) * (np.exp((x[:,0])**(1)))) + (((0.3771232573983828) * (np.sin((x[:,0])**(2)))) + (((-5.00937774706665) * (((x[:,0])**(1)))) + (((3.7326571744724886) * (np.sin((x[:,0])**(1)))) + (((2.8316921821010546e-2) * (np.exp((x[:,0])**(2)))) + ((2.8316921821010917e-2) * (np.exp((x[:,0])**(2)))))))))))
0.1819983514243161,  ((-0.37044380525071574) + (((0.46990558703400326) * (np.exp((x[:,0])**(1)))) + (((-0.2895579295324583) * (np.sin((x[:,0])**(2)))) + (((-0.8453647194781668) * (((x[:,0])**(1)))) + (((1.352991514092699) * (np.sin((x[:,0])**(1)))) + (((-2.5104399690355748e-2) * (np.exp((x[:,0])**(2)))) + ((-2.5104399690397648e-2) * (np.exp((x[:,0])**(2))))))))))
0.18135892326547168,  ((-2.30843143617323) + (((-1.7292381492135471) * (((x[:,0])**(2)))) + (((2.3006311006911453) * (np.exp((x[:,0])**(1)))) + (((0.3771232573983828) * (np.sin((x[:,0])**(2)))) + (((-5.00937774706665) * (((x[:,0])**(1)))) + (((3.7326571744724886) * (np.sin((x[:,0])**(1)))) + (((2.8316921821010546e-2) * (np.exp((x[:,0])**(2)))) + ((2.8316921821010917e-2) * (np.exp((x[:,0])**(2)))))))))))
0.18135892326547168,  ((-2.30843143617323) + (((-1.7292381492135471) * (((x[:,0])**(2)))) + (((2.3006311006911453) * (np.exp((x[:,0])**(1)))) + (((0.3771232573983828) * (np.sin((x[:,0])**(2)))) + (((-5.00937774706665) * (((x[:,0])**(1)))) + (((3.7326571744724886) * (np.sin((x[:,0])**(1)))) + (((2.8316921821010546e-2) * (np.exp((x[:,0])**(2)))) + ((2.8316921821010917e-2) * (np.exp((x[:,0])**(2)))))))))))
0.18135892326547168,  ((-2.30843143617323) + (((-1.7292381492135471) * (((x[:,0])**(2)))) + (((2.3006311006911453) * (np.exp((x[:,0])**(1)))) + (((0.3771232573983828) * (np.sin((x[:,0])**(2)))) + (((-5.00937774706665) * (((x[:,0])**(1)))) + (((3.7326571744724886) * (np.sin((x[:,0])**(1)))) + (((2.8316921821010546e-2) * (np.exp((x[:,0])**(2)))) + ((2.8316921821010917e-2) * (np.exp((x[:,0])**(2)))))))))))
0.18154380183129884,  ((-1.6883076535632051) + (((-1.0020712269564835) * (((x[:,0])**(2)))) + (((1.7560540658797066) * (np.exp((x[:,0])**(1)))) + (((-3.774307426340653) * (((x[:,0])**(1)))) + (((3.028545432682241) * (np.sin((x[:,0])**(1)))) + (((-7.891035217229371e-3) * (np.exp((x[:,0])**(2)))) + ((-7.891035217031123e-3) * (np.exp((x[:,0])**(2))))))))))
0.1819983514243161,  ((-0.37044380525071574) + (((0.46990558703400326) * (np.exp((x[:,0])**(1)))) + (((-0.2895579295324583) * (np.sin((x[:,0])**(2)))) + (((-0.8453647194781668) * (((x[:,0])**(1)))) + (((1.352991514092699) * (np.sin((x[:,0])**(1)))) + (((-2.5104399690355748e-2) * (np.exp((x[:,0])**(2)))) + ((-2.5104399690397648e-2) * (np.exp((x[:,0])**(2))))))))))
0.18135892326547168,  ((-2.30843143617323) + (((-1.7292381492135471) * (((x[:,0])**(2)))) + (((2.3006311006911453) * (np.exp((x[:,0])**(1)))) + (((0.3771232573983828) * (np.sin((x[:,0])**(2)))) + (((-5.00937774706665) * (((x[:,0])**(1)))) + (((3.7326571744724886) * (np.sin((x[:,0])**(1)))) + (((2.8316921821010546e-2) * (np.exp((x[:,0])**(2)))) + ((2.8316921821010917e-2) * (np.exp((x[:,0])**(2)))))))))))
0.1824601872962892,  ((0.5987297406623787) + (((0.4140295855200589) * (((x[:,0])**(2)))) + (((-0.5509915436772652) * (np.exp((x[:,0])**(1)))) + (((-0.10214581897694028) * (np.sin((x[:,0])**(2)))) + (((1.4985454978343067) * (((x[:,0])**(1)))) + (((-0.1021458189769405) * (np.sin((x[:,0])**(2)))) + (((-2.092596437294064e-3) * (np.exp((x[:,0])**(2)))) + ((-2.0925964372940364e-3) * (np.exp((x[:,0])**(2)))))))))))
0.18135892326547168,  ((-2.30843143617323) + (((-1.7292381492135471) * (((x[:,0])**(2)))) + (((2.3006311006911453) * (np.exp((x[:,0])**(1)))) + (((0.3771232573983828) * (np.sin((x[:,0])**(2)))) + (((-5.00937774706665) * (((x[:,0])**(1)))) + (((3.7326571744724886) * (np.sin((x[:,0])**(1)))) + (((2.8316921821010546e-2) * (np.exp((x[:,0])**(2)))) + ((2.8316921821010917e-2) * (np.exp((x[:,0])**(2)))))))))))
0.18135892326547168,  ((-2.30843143617323) + (((-1.7292381492135471) * (((x[:,0])**(2)))) + (((2.3006311006911453) * (np.exp((x[:,0])**(1)))) + (((0.3771232573983828) * (np.sin((x[:,0])**(2)))) + (((-5.00937774706665) * (((x[:,0])**(1)))) + (((3.7326571744724886) * (np.sin((x[:,0])**(1)))) + (((2.8316921821010546e-2) * (np.exp((x[:,0])**(2)))) + ((2.8316921821010917e-2) * (np.exp((x[:,0])**(2)))))))))))
0.18135892326547168,  ((-2.30843143617323) + (((-1.7292381492135471) * (((x[:,0])**(2)))) + (((2.3006311006911453) * (np.exp((x[:,0])**(1)))) + (((0.3771232573983828) * (np.sin((x[:,0])**(2)))) + (((-5.00937774706665) * (((x[:,0])**(1)))) + (((3.7326571744724886) * (np.sin((x[:,0])**(1)))) + (((2.8316921821010546e-2) * (np.exp((x[:,0])**(2)))) + ((2.8316921821010917e-2) * (np.exp((x[:,0])**(2)))))))))))
0.18135892326547168,  ((-2.30843143617323) + (((-1.7292381492135471) * (((x[:,0])**(2)))) + (((2.3006311006911453) * (np.exp((x[:,0])**(1)))) + (((0.3771232573983828) * (np.sin((x[:,0])**(2)))) + (((-5.00937774706665) * (((x[:,0])**(1)))) + (((3.7326571744724886) * (np.sin((x[:,0])**(1)))) + (((2.8316921821010546e-2) * (np.exp((x[:,0])**(2)))) + ((2.8316921821010917e-2) * (np.exp((x[:,0])**(2)))))))))))
0.18135892326547168,  ((-2.30843143617323) + (((-1.7292381492135471) * (((x[:,0])**(2)))) + (((2.3006311006911453) * (np.exp((x[:,0])**(1)))) + (((0.3771232573983828) * (np.sin((x[:,0])**(2)))) + (((-5.00937774706665) * (((x[:,0])**(1)))) + (((3.7326571744724886) * (np.sin((x[:,0])**(1)))) + (((2.8316921821010546e-2) * (np.exp((x[:,0])**(2)))) + ((2.8316921821010917e-2) * (np.exp((x[:,0])**(2)))))))))))
0.18210296260251818,  ((-6.807348983380695e-2) + (((-7.553789169396122e-2) * (((x[:,0])**(2)))) + (((0.1035233701005166) * (np.exp((x[:,0])**(1)))) + (((-7.257425450796093e-2) * (np.sin((x[:,0])**(2)))) + (((0.8630222171801211) * (np.sin((x[:,0])**(1)))) + (((4.644209050466832e-3) * (np.exp((x[:,0])**(2)))) + ((4.644209050466832e-3) * (np.exp((x[:,0])**(2))))))))))
0.18135892326547168,  ((-2.30843143617323) + (((-1.7292381492135471) * (((x[:,0])**(2)))) + (((2.3006311006911453) * (np.exp((x[:,0])**(1)))) + (((0.3771232573983828) * (np.sin((x[:,0])**(2)))) + (((-5.00937774706665) * (((x[:,0])**(1)))) + (((3.7326571744724886) * (np.sin((x[:,0])**(1)))) + (((2.8316921821010546e-2) * (np.exp((x[:,0])**(2)))) + ((2.8316921821010917e-2) * (np.exp((x[:,0])**(2)))))))))))
0.18135892326547168,  ((-2.30843143617323) + (((-1.7292381492135471) * (((x[:,0])**(2)))) + (((2.3006311006911453) * (np.exp((x[:,0])**(1)))) + (((0.3771232573983828) * (np.sin((x[:,0])**(2)))) + (((-5.00937774706665) * (((x[:,0])**(1)))) + (((3.7326571744724886) * (np.sin((x[:,0])**(1)))) + (((2.8316921821010546e-2) * (np.exp((x[:,0])**(2)))) + ((2.8316921821010917e-2) * (np.exp((x[:,0])**(2)))))))))))
0.18135892326547168,  ((-2.30843143617323) + (((-1.7292381492135471) * (((x[:,0])**(2)))) + (((2.3006311006911453) * (np.exp((x[:,0])**(1)))) + (((0.3771232573983828) * (np.sin((x[:,0])**(2)))) + (((-5.00937774706665) * (((x[:,0])**(1)))) + (((3.7326571744724886) * (np.sin((x[:,0])**(1)))) + (((2.8316921821010546e-2) * (np.exp((x[:,0])**(2)))) + ((2.8316921821010917e-2) * (np.exp((x[:,0])**(2)))))))))))
0.18135892326547168,  ((-2.30843143617323) + (((-1.7292381492135471) * (((x[:,0])**(2)))) + (((2.3006311006911453) * (np.exp((x[:,0])**(1)))) + (((0.3771232573983828) * (np.sin((x[:,0])**(2)))) + (((-5.00937774706665) * (((x[:,0])**(1)))) + (((3.7326571744724886) * (np.sin((x[:,0])**(1)))) + (((2.8316921821010546e-2) * (np.exp((x[:,0])**(2)))) + ((2.8316921821010917e-2) * (np.exp((x[:,0])**(2)))))))))))
0.18135892326547168,  ((-2.30843143617323) + (((-1.7292381492135471) * (((x[:,0])**(2)))) + (((2.3006311006911453) * (np.exp((x[:,0])**(1)))) + (((0.3771232573983828) * (np.sin((x[:,0])**(2)))) + (((-5.00937774706665) * (((x[:,0])**(1)))) + (((3.7326571744724886) * (np.sin((x[:,0])**(1)))) + (((2.8316921821010546e-2) * (np.exp((x[:,0])**(2)))) + ((2.8316921821010917e-2) * (np.exp((x[:,0])**(2)))))))))))
0.18135892326547204,  ((-2.308431436172592) + (((-1.7292381492130813) * (((x[:,0])**(2)))) + (((1.1503155503453022) * (np.exp((x[:,0])**(1)))) + (((0.37712325739825897) * (np.sin((x[:,0])**(2)))) + (((-5.009377747065231) * (((x[:,0])**(1)))) + (((3.7326571744716732) * (np.sin((x[:,0])**(1)))) + (((1.1503155503452194) * (np.exp((x[:,0])**(1)))) + ((5.663384364200885e-2) * (np.exp((x[:,0])**(2)))))))))))
0.18135892326547168,  ((-2.30843143617323) + (((-1.7292381492135471) * (((x[:,0])**(2)))) + (((2.3006311006911453) * (np.exp((x[:,0])**(1)))) + (((0.3771232573983828) * (np.sin((x[:,0])**(2)))) + (((-5.00937774706665) * (((x[:,0])**(1)))) + (((3.7326571744724886) * (np.sin((x[:,0])**(1)))) + (((2.8316921821010546e-2) * (np.exp((x[:,0])**(2)))) + ((2.8316921821010917e-2) * (np.exp((x[:,0])**(2)))))))))))
0.18210296260251818,  ((-6.807348983380695e-2) + (((-7.553789169396122e-2) * (((x[:,0])**(2)))) + (((0.1035233701005166) * (np.exp((x[:,0])**(1)))) + (((-7.257425450796093e-2) * (np.sin((x[:,0])**(2)))) + (((0.8630222171801211) * (np.sin((x[:,0])**(1)))) + (((4.644209050466832e-3) * (np.exp((x[:,0])**(2)))) + ((4.644209050466832e-3) * (np.exp((x[:,0])**(2))))))))))
0.18135892326547168,  ((-2.30843143617323) + (((-1.7292381492135471) * (((x[:,0])**(2)))) + (((2.3006311006911453) * (np.exp((x[:,0])**(1)))) + (((0.3771232573983828) * (np.sin((x[:,0])**(2)))) + (((-5.00937774706665) * (((x[:,0])**(1)))) + (((3.7326571744724886) * (np.sin((x[:,0])**(1)))) + (((2.8316921821010546e-2) * (np.exp((x[:,0])**(2)))) + ((2.8316921821010917e-2) * (np.exp((x[:,0])**(2)))))))))))
0.1824601872962891,  ((0.5987297406623768) + (((0.4140295855200581) * (((x[:,0])**(2)))) + (((-0.5509915436772631) * (np.exp((x[:,0])**(1)))) + (((-0.20429163795387925) * (np.sin((x[:,0])**(2)))) + (((1.4985454978343054) * (((x[:,0])**(1)))) + (((-2.092596437294307e-3) * (np.exp((x[:,0])**(2)))) + ((-2.092596437294307e-3) * (np.exp((x[:,0])**(2))))))))))
0.18135892326547168,  ((-2.30843143617323) + (((-1.7292381492135471) * (((x[:,0])**(2)))) + (((2.3006311006911453) * (np.exp((x[:,0])**(1)))) + (((0.3771232573983828) * (np.sin((x[:,0])**(2)))) + (((-5.00937774706665) * (((x[:,0])**(1)))) + (((3.7326571744724886) * (np.sin((x[:,0])**(1)))) + (((2.8316921821010546e-2) * (np.exp((x[:,0])**(2)))) + ((2.8316921821010917e-2) * (np.exp((x[:,0])**(2)))))))))))
0.18135892326547168,  ((-2.30843143617323) + (((-1.7292381492135471) * (((x[:,0])**(2)))) + (((2.3006311006911453) * (np.exp((x[:,0])**(1)))) + (((0.3771232573983828) * (np.sin((x[:,0])**(2)))) + (((-5.00937774706665) * (((x[:,0])**(1)))) + (((3.7326571744724886) * (np.sin((x[:,0])**(1)))) + (((2.8316921821010546e-2) * (np.exp((x[:,0])**(2)))) + ((2.8316921821010917e-2) * (np.exp((x[:,0])**(2)))))))))))
0.18135892326547168,  ((-2.30843143617323) + (((-1.7292381492135471) * (((x[:,0])**(2)))) + (((2.3006311006911453) * (np.exp((x[:,0])**(1)))) + (((0.3771232573983828) * (np.sin((x[:,0])**(2)))) + (((-5.00937774706665) * (((x[:,0])**(1)))) + (((3.7326571744724886) * (np.sin((x[:,0])**(1)))) + (((2.8316921821010546e-2) * (np.exp((x[:,0])**(2)))) + ((2.8316921821010917e-2) * (np.exp((x[:,0])**(2)))))))))))
0.18135892326547168,  ((-2.30843143617323) + (((-1.7292381492135471) * (((x[:,0])**(2)))) + (((2.3006311006911453) * (np.exp((x[:,0])**(1)))) + (((0.3771232573983828) * (np.sin((x[:,0])**(2)))) + (((-5.00937774706665) * (((x[:,0])**(1)))) + (((3.7326571744724886) * (np.sin((x[:,0])**(1)))) + (((2.8316921821010546e-2) * (np.exp((x[:,0])**(2)))) + ((2.8316921821010917e-2) * (np.exp((x[:,0])**(2)))))))))))
0.18135892326547187,  ((-2.3084314361732328) + (((-1.7292381492135496) * (((x[:,0])**(2)))) + (((2.300631100691148) * (np.exp((x[:,0])**(1)))) + (((0.37712325739838715) * (np.sin((x[:,0])**(2)))) + (((-5.009377747066662) * (((x[:,0])**(1)))) + (((3.7326571744724912) * (np.sin((x[:,0])**(1)))) + ((5.663384364202158e-2) * (np.exp((x[:,0])**(2))))))))))
0.18135892326547168,  ((-2.30843143617323) + (((-1.7292381492135471) * (((x[:,0])**(2)))) + (((2.3006311006911453) * (np.exp((x[:,0])**(1)))) + (((0.3771232573983828) * (np.sin((x[:,0])**(2)))) + (((-5.00937774706665) * (((x[:,0])**(1)))) + (((3.7326571744724886) * (np.sin((x[:,0])**(1)))) + (((2.8316921821010546e-2) * (np.exp((x[:,0])**(2)))) + ((2.8316921821010917e-2) * (np.exp((x[:,0])**(2)))))))))))
0.18135892326547168,  ((-2.30843143617323) + (((-1.7292381492135471) * (((x[:,0])**(2)))) + (((2.3006311006911453) * (np.exp((x[:,0])**(1)))) + (((0.3771232573983828) * (np.sin((x[:,0])**(2)))) + (((-5.00937774706665) * (((x[:,0])**(1)))) + (((3.7326571744724886) * (np.sin((x[:,0])**(1)))) + (((2.8316921821010546e-2) * (np.exp((x[:,0])**(2)))) + ((2.8316921821010917e-2) * (np.exp((x[:,0])**(2)))))))))))
0.18215275486327712,  ((3.803718200959577e-2) + (((5.178571507719054e-3) * (((x[:,0])**(2)))) + (((0.36653395728166577) * (np.sin((x[:,0])**(1)))) + (((-9.589033994644508e-2) * (np.sin((x[:,0])**(2)))) + (((0.23189614787913787) * (((x[:,0])**(1)))) + (((0.36653395728166555) * (np.sin((x[:,0])**(1)))) + (((3.246510722205875e-3) * (np.exp((x[:,0])**(2)))) + ((3.2465107222063644e-3) * (np.exp((x[:,0])**(2)))))))))))
0.18135892326547168,  ((-2.30843143617323) + (((-1.7292381492135471) * (((x[:,0])**(2)))) + (((2.3006311006911453) * (np.exp((x[:,0])**(1)))) + (((0.3771232573983828) * (np.sin((x[:,0])**(2)))) + (((-5.00937774706665) * (((x[:,0])**(1)))) + (((3.7326571744724886) * (np.sin((x[:,0])**(1)))) + (((2.8316921821010546e-2) * (np.exp((x[:,0])**(2)))) + ((2.8316921821010917e-2) * (np.exp((x[:,0])**(2)))))))))))
0.18135892326547168,  ((-2.30843143617323) + (((-1.7292381492135471) * (((x[:,0])**(2)))) + (((2.3006311006911453) * (np.exp((x[:,0])**(1)))) + (((0.3771232573983828) * (np.sin((x[:,0])**(2)))) + (((-5.00937774706665) * (((x[:,0])**(1)))) + (((3.7326571744724886) * (np.sin((x[:,0])**(1)))) + (((2.8316921821010546e-2) * (np.exp((x[:,0])**(2)))) + ((2.8316921821010917e-2) * (np.exp((x[:,0])**(2)))))))))))
0.18135892326547168,  ((-2.30843143617323) + (((-1.7292381492135471) * (((x[:,0])**(2)))) + (((2.3006311006911453) * (np.exp((x[:,0])**(1)))) + (((0.3771232573983828) * (np.sin((x[:,0])**(2)))) + (((-5.00937774706665) * (((x[:,0])**(1)))) + (((3.7326571744724886) * (np.sin((x[:,0])**(1)))) + (((2.8316921821010546e-2) * (np.exp((x[:,0])**(2)))) + ((2.8316921821010917e-2) * (np.exp((x[:,0])**(2)))))))))))
0.18135892326547168,  ((-2.30843143617323) + (((-1.7292381492135471) * (((x[:,0])**(2)))) + (((2.3006311006911453) * (np.exp((x[:,0])**(1)))) + (((0.3771232573983828) * (np.sin((x[:,0])**(2)))) + (((-5.00937774706665) * (((x[:,0])**(1)))) + (((3.7326571744724886) * (np.sin((x[:,0])**(1)))) + (((2.8316921821010546e-2) * (np.exp((x[:,0])**(2)))) + ((2.8316921821010917e-2) * (np.exp((x[:,0])**(2)))))))))))
0.1819983514243161,  ((-0.37044380525071574) + (((0.46990558703400326) * (np.exp((x[:,0])**(1)))) + (((-0.2895579295324583) * (np.sin((x[:,0])**(2)))) + (((-0.8453647194781668) * (((x[:,0])**(1)))) + (((1.352991514092699) * (np.sin((x[:,0])**(1)))) + (((-2.5104399690355748e-2) * (np.exp((x[:,0])**(2)))) + ((-2.5104399690397648e-2) * (np.exp((x[:,0])**(2))))))))))
0.18135892326547168,  ((-2.30843143617323) + (((-1.7292381492135471) * (((x[:,0])**(2)))) + (((2.3006311006911453) * (np.exp((x[:,0])**(1)))) + (((0.3771232573983828) * (np.sin((x[:,0])**(2)))) + (((-5.00937774706665) * (((x[:,0])**(1)))) + (((3.7326571744724886) * (np.sin((x[:,0])**(1)))) + (((2.8316921821010546e-2) * (np.exp((x[:,0])**(2)))) + ((2.8316921821010917e-2) * (np.exp((x[:,0])**(2)))))))))))
0.18135892326547168,  ((-2.30843143617323) + (((-1.7292381492135471) * (((x[:,0])**(2)))) + (((2.3006311006911453) * (np.exp((x[:,0])**(1)))) + (((0.3771232573983828) * (np.sin((x[:,0])**(2)))) + (((-5.00937774706665) * (((x[:,0])**(1)))) + (((3.7326571744724886) * (np.sin((x[:,0])**(1)))) + (((2.8316921821010546e-2) * (np.exp((x[:,0])**(2)))) + ((2.8316921821010917e-2) * (np.exp((x[:,0])**(2)))))))))))
0.18135892326547168,  ((-2.30843143617323) + (((-1.7292381492135471) * (((x[:,0])**(2)))) + (((2.3006311006911453) * (np.exp((x[:,0])**(1)))) + (((0.3771232573983828) * (np.sin((x[:,0])**(2)))) + (((-5.00937774706665) * (((x[:,0])**(1)))) + (((3.7326571744724886) * (np.sin((x[:,0])**(1)))) + (((2.8316921821010546e-2) * (np.exp((x[:,0])**(2)))) + ((2.8316921821010917e-2) * (np.exp((x[:,0])**(2)))))))))))
0.18135892326547168,  ((-2.30843143617323) + (((-1.7292381492135471) * (((x[:,0])**(2)))) + (((2.3006311006911453) * (np.exp((x[:,0])**(1)))) + (((0.3771232573983828) * (np.sin((x[:,0])**(2)))) + (((-5.00937774706665) * (((x[:,0])**(1)))) + (((3.7326571744724886) * (np.sin((x[:,0])**(1)))) + (((2.8316921821010546e-2) * (np.exp((x[:,0])**(2)))) + ((2.8316921821010917e-2) * (np.exp((x[:,0])**(2)))))))))))
0.18135892326547168,  ((-2.30843143617323) + (((-1.7292381492135471) * (((x[:,0])**(2)))) + (((2.3006311006911453) * (np.exp((x[:,0])**(1)))) + (((0.3771232573983828) * (np.sin((x[:,0])**(2)))) + (((-5.00937774706665) * (((x[:,0])**(1)))) + (((3.7326571744724886) * (np.sin((x[:,0])**(1)))) + (((2.8316921821010546e-2) * (np.exp((x[:,0])**(2)))) + ((2.8316921821010917e-2) * (np.exp((x[:,0])**(2)))))))))))
0.1815438018312987,  ((-1.6883076535633619) + (((-0.5010356134783501) * (((x[:,0])**(2)))) + (((1.7560540658798676) * (np.exp((x[:,0])**(1)))) + (((-0.501035613478214) * (((x[:,0])**(2)))) + (((-3.774307426341018) * (((x[:,0])**(1)))) + (((3.0285454326824492) * (np.sin((x[:,0])**(1)))) + (((-7.891035216795565e-3) * (np.exp((x[:,0])**(2)))) + ((-7.891035217468957e-3) * (np.exp((x[:,0])**(2)))))))))))
0.18154380183129884,  ((-1.6883076535632051) + (((-1.0020712269564835) * (((x[:,0])**(2)))) + (((1.7560540658797066) * (np.exp((x[:,0])**(1)))) + (((-3.774307426340653) * (((x[:,0])**(1)))) + (((3.028545432682241) * (np.sin((x[:,0])**(1)))) + (((-7.891035217229371e-3) * (np.exp((x[:,0])**(2)))) + ((-7.891035217031123e-3) * (np.exp((x[:,0])**(2))))))))))
0.18135892326547168,  ((-2.30843143617323) + (((-1.7292381492135471) * (((x[:,0])**(2)))) + (((2.3006311006911453) * (np.exp((x[:,0])**(1)))) + (((0.3771232573983828) * (np.sin((x[:,0])**(2)))) + (((-5.00937774706665) * (((x[:,0])**(1)))) + (((3.7326571744724886) * (np.sin((x[:,0])**(1)))) + (((2.8316921821010546e-2) * (np.exp((x[:,0])**(2)))) + ((2.8316921821010917e-2) * (np.exp((x[:,0])**(2)))))))))))
0.18135892326547168,  ((-2.30843143617323) + (((-1.7292381492135471) * (((x[:,0])**(2)))) + (((2.3006311006911453) * (np.exp((x[:,0])**(1)))) + (((0.3771232573983828) * (np.sin((x[:,0])**(2)))) + (((-5.00937774706665) * (((x[:,0])**(1)))) + (((3.7326571744724886) * (np.sin((x[:,0])**(1)))) + (((2.8316921821010546e-2) * (np.exp((x[:,0])**(2)))) + ((2.8316921821010917e-2) * (np.exp((x[:,0])**(2)))))))))))
0.18135892326547168,  ((-2.30843143617323) + (((-1.7292381492135471) * (((x[:,0])**(2)))) + (((2.3006311006911453) * (np.exp((x[:,0])**(1)))) + (((0.3771232573983828) * (np.sin((x[:,0])**(2)))) + (((-5.00937774706665) * (((x[:,0])**(1)))) + (((3.7326571744724886) * (np.sin((x[:,0])**(1)))) + (((2.8316921821010546e-2) * (np.exp((x[:,0])**(2)))) + ((2.8316921821010917e-2) * (np.exp((x[:,0])**(2)))))))))))
0.18135892326547168,  ((-2.30843143617323) + (((-1.7292381492135471) * (((x[:,0])**(2)))) + (((2.3006311006911453) * (np.exp((x[:,0])**(1)))) + (((0.3771232573983828) * (np.sin((x[:,0])**(2)))) + (((-5.00937774706665) * (((x[:,0])**(1)))) + (((3.7326571744724886) * (np.sin((x[:,0])**(1)))) + (((2.8316921821010546e-2) * (np.exp((x[:,0])**(2)))) + ((2.8316921821010917e-2) * (np.exp((x[:,0])**(2)))))))))))
0.18246018729628916,  ((0.5987297406623778) + (((0.41402958552006014) * (((x[:,0])**(2)))) + (((-0.5509915436772638) * (np.exp((x[:,0])**(1)))) + (((-0.20429163795388067) * (np.sin((x[:,0])**(2)))) + (((0.749272748917153) * (((x[:,0])**(1)))) + (((0.7492727489171529) * (((x[:,0])**(1)))) + (((-2.0925964372943695e-3) * (np.exp((x[:,0])**(2)))) + ((-2.0925964372943626e-3) * (np.exp((x[:,0])**(2)))))))))))
0.18135892326547168,  ((-2.30843143617323) + (((-1.7292381492135471) * (((x[:,0])**(2)))) + (((2.3006311006911453) * (np.exp((x[:,0])**(1)))) + (((0.3771232573983828) * (np.sin((x[:,0])**(2)))) + (((-5.00937774706665) * (((x[:,0])**(1)))) + (((3.7326571744724886) * (np.sin((x[:,0])**(1)))) + (((2.8316921821010546e-2) * (np.exp((x[:,0])**(2)))) + ((2.8316921821010917e-2) * (np.exp((x[:,0])**(2)))))))))))
0.18135892326547168,  ((-2.30843143617323) + (((-1.7292381492135471) * (((x[:,0])**(2)))) + (((2.3006311006911453) * (np.exp((x[:,0])**(1)))) + (((0.3771232573983828) * (np.sin((x[:,0])**(2)))) + (((-5.00937774706665) * (((x[:,0])**(1)))) + (((3.7326571744724886) * (np.sin((x[:,0])**(1)))) + (((2.8316921821010546e-2) * (np.exp((x[:,0])**(2)))) + ((2.8316921821010917e-2) * (np.exp((x[:,0])**(2)))))))))))
0.18135892326547168,  ((-2.30843143617323) + (((-1.7292381492135471) * (((x[:,0])**(2)))) + (((2.3006311006911453) * (np.exp((x[:,0])**(1)))) + (((0.3771232573983828) * (np.sin((x[:,0])**(2)))) + (((-5.00937774706665) * (((x[:,0])**(1)))) + (((3.7326571744724886) * (np.sin((x[:,0])**(1)))) + (((2.8316921821010546e-2) * (np.exp((x[:,0])**(2)))) + ((2.8316921821010917e-2) * (np.exp((x[:,0])**(2)))))))))))
0.1819983514243161,  ((-0.37044380525071574) + (((0.46990558703400326) * (np.exp((x[:,0])**(1)))) + (((-0.2895579295324583) * (np.sin((x[:,0])**(2)))) + (((-0.8453647194781668) * (((x[:,0])**(1)))) + (((1.352991514092699) * (np.sin((x[:,0])**(1)))) + (((-2.5104399690355748e-2) * (np.exp((x[:,0])**(2)))) + ((-2.5104399690397648e-2) * (np.exp((x[:,0])**(2))))))))))
0.18135892326547168,  ((-2.30843143617323) + (((-1.7292381492135471) * (((x[:,0])**(2)))) + (((2.3006311006911453) * (np.exp((x[:,0])**(1)))) + (((0.3771232573983828) * (np.sin((x[:,0])**(2)))) + (((-5.00937774706665) * (((x[:,0])**(1)))) + (((3.7326571744724886) * (np.sin((x[:,0])**(1)))) + (((2.8316921821010546e-2) * (np.exp((x[:,0])**(2)))) + ((2.8316921821010917e-2) * (np.exp((x[:,0])**(2)))))))))))
0.18135892326547168,  ((-2.30843143617323) + (((-1.7292381492135471) * (((x[:,0])**(2)))) + (((2.3006311006911453) * (np.exp((x[:,0])**(1)))) + (((0.3771232573983828) * (np.sin((x[:,0])**(2)))) + (((-5.00937774706665) * (((x[:,0])**(1)))) + (((3.7326571744724886) * (np.sin((x[:,0])**(1)))) + (((2.8316921821010546e-2) * (np.exp((x[:,0])**(2)))) + ((2.8316921821010917e-2) * (np.exp((x[:,0])**(2)))))))))))
0.18154380183129884,  ((-1.6883076535632051) + (((-1.0020712269564835) * (((x[:,0])**(2)))) + (((1.7560540658797066) * (np.exp((x[:,0])**(1)))) + (((-3.774307426340653) * (((x[:,0])**(1)))) + (((3.028545432682241) * (np.sin((x[:,0])**(1)))) + (((-7.891035217229371e-3) * (np.exp((x[:,0])**(2)))) + ((-7.891035217031123e-3) * (np.exp((x[:,0])**(2))))))))))
0.18135892326547168,  ((-2.30843143617323) + (((-1.7292381492135471) * (((x[:,0])**(2)))) + (((2.3006311006911453) * (np.exp((x[:,0])**(1)))) + (((0.3771232573983828) * (np.sin((x[:,0])**(2)))) + (((-5.00937774706665) * (((x[:,0])**(1)))) + (((3.7326571744724886) * (np.sin((x[:,0])**(1)))) + (((2.8316921821010546e-2) * (np.exp((x[:,0])**(2)))) + ((2.8316921821010917e-2) * (np.exp((x[:,0])**(2)))))))))))
0.18135892326547168,  ((-2.30843143617323) + (((-1.7292381492135471) * (((x[:,0])**(2)))) + (((2.3006311006911453) * (np.exp((x[:,0])**(1)))) + (((0.3771232573983828) * (np.sin((x[:,0])**(2)))) + (((-5.00937774706665) * (((x[:,0])**(1)))) + (((3.7326571744724886) * (np.sin((x[:,0])**(1)))) + (((2.8316921821010546e-2) * (np.exp((x[:,0])**(2)))) + ((2.8316921821010917e-2) * (np.exp((x[:,0])**(2)))))))))))
0.18135892326547168,  ((-2.30843143617323) + (((-1.7292381492135471) * (((x[:,0])**(2)))) + (((2.3006311006911453) * (np.exp((x[:,0])**(1)))) + (((0.3771232573983828) * (np.sin((x[:,0])**(2)))) + (((-5.00937774706665) * (((x[:,0])**(1)))) + (((3.7326571744724886) * (np.sin((x[:,0])**(1)))) + (((2.8316921821010546e-2) * (np.exp((x[:,0])**(2)))) + ((2.8316921821010917e-2) * (np.exp((x[:,0])**(2)))))))))))
0.18135892326547168,  ((-2.30843143617323) + (((-1.7292381492135471) * (((x[:,0])**(2)))) + (((2.3006311006911453) * (np.exp((x[:,0])**(1)))) + (((0.3771232573983828) * (np.sin((x[:,0])**(2)))) + (((-5.00937774706665) * (((x[:,0])**(1)))) + (((3.7326571744724886) * (np.sin((x[:,0])**(1)))) + (((2.8316921821010546e-2) * (np.exp((x[:,0])**(2)))) + ((2.8316921821010917e-2) * (np.exp((x[:,0])**(2)))))))))))
0.18135892326547198,  ((-2.3084314361732297) + (((-1.7292381492135447) * (((x[:,0])**(2)))) + (((2.300631100691144) * (np.exp((x[:,0])**(1)))) + (((0.18856162869918722) * (np.sin((x[:,0])**(2)))) + (((-5.0093777470666545) * (((x[:,0])**(1)))) + (((3.7326571744724886) * (np.sin((x[:,0])**(1)))) + (((5.663384364202159e-2) * (np.exp((x[:,0])**(2)))) + ((0.18856162869920107) * (np.sin((x[:,0])**(2)))))))))))
0.18135892326547168,  ((-2.30843143617323) + (((-1.7292381492135471) * (((x[:,0])**(2)))) + (((2.3006311006911453) * (np.exp((x[:,0])**(1)))) + (((0.3771232573983828) * (np.sin((x[:,0])**(2)))) + (((-5.00937774706665) * (((x[:,0])**(1)))) + (((3.7326571744724886) * (np.sin((x[:,0])**(1)))) + (((2.8316921821010546e-2) * (np.exp((x[:,0])**(2)))) + ((2.8316921821010917e-2) * (np.exp((x[:,0])**(2)))))))))))
0.18135892326547168,  ((-2.30843143617323) + (((-1.7292381492135471) * (((x[:,0])**(2)))) + (((2.3006311006911453) * (np.exp((x[:,0])**(1)))) + (((0.3771232573983828) * (np.sin((x[:,0])**(2)))) + (((-5.00937774706665) * (((x[:,0])**(1)))) + (((3.7326571744724886) * (np.sin((x[:,0])**(1)))) + (((2.8316921821010546e-2) * (np.exp((x[:,0])**(2)))) + ((2.8316921821010917e-2) * (np.exp((x[:,0])**(2)))))))))))
0.18135892326547168,  ((-2.30843143617323) + (((-1.7292381492135471) * (((x[:,0])**(2)))) + (((2.3006311006911453) * (np.exp((x[:,0])**(1)))) + (((0.3771232573983828) * (np.sin((x[:,0])**(2)))) + (((-5.00937774706665) * (((x[:,0])**(1)))) + (((3.7326571744724886) * (np.sin((x[:,0])**(1)))) + (((2.8316921821010546e-2) * (np.exp((x[:,0])**(2)))) + ((2.8316921821010917e-2) * (np.exp((x[:,0])**(2)))))))))))
0.18135892326547168,  ((-2.30843143617323) + (((-1.7292381492135471) * (((x[:,0])**(2)))) + (((2.3006311006911453) * (np.exp((x[:,0])**(1)))) + (((0.3771232573983828) * (np.sin((x[:,0])**(2)))) + (((-5.00937774706665) * (((x[:,0])**(1)))) + (((3.7326571744724886) * (np.sin((x[:,0])**(1)))) + (((2.8316921821010546e-2) * (np.exp((x[:,0])**(2)))) + ((2.8316921821010917e-2) * (np.exp((x[:,0])**(2)))))))))))
0.18135892326547168,  ((-2.30843143617323) + (((-1.7292381492135471) * (((x[:,0])**(2)))) + (((2.3006311006911453) * (np.exp((x[:,0])**(1)))) + (((0.3771232573983828) * (np.sin((x[:,0])**(2)))) + (((-5.00937774706665) * (((x[:,0])**(1)))) + (((3.7326571744724886) * (np.sin((x[:,0])**(1)))) + (((2.8316921821010546e-2) * (np.exp((x[:,0])**(2)))) + ((2.8316921821010917e-2) * (np.exp((x[:,0])**(2)))))))))))
0.18135892326547168,  ((-2.30843143617323) + (((-1.7292381492135471) * (((x[:,0])**(2)))) + (((2.3006311006911453) * (np.exp((x[:,0])**(1)))) + (((0.3771232573983828) * (np.sin((x[:,0])**(2)))) + (((-5.00937774706665) * (((x[:,0])**(1)))) + (((3.7326571744724886) * (np.sin((x[:,0])**(1)))) + (((2.8316921821010546e-2) * (np.exp((x[:,0])**(2)))) + ((2.8316921821010917e-2) * (np.exp((x[:,0])**(2)))))))))))
0.18135892326547187,  ((-2.3084314361732328) + (((-1.7292381492135496) * (((x[:,0])**(2)))) + (((2.300631100691148) * (np.exp((x[:,0])**(1)))) + (((0.37712325739838715) * (np.sin((x[:,0])**(2)))) + (((-5.009377747066662) * (((x[:,0])**(1)))) + (((3.7326571744724912) * (np.sin((x[:,0])**(1)))) + ((5.663384364202158e-2) * (np.exp((x[:,0])**(2))))))))))
0.18135892326547168,  ((-2.30843143617323) + (((-1.7292381492135471) * (((x[:,0])**(2)))) + (((2.3006311006911453) * (np.exp((x[:,0])**(1)))) + (((0.3771232573983828) * (np.sin((x[:,0])**(2)))) + (((-5.00937774706665) * (((x[:,0])**(1)))) + (((3.7326571744724886) * (np.sin((x[:,0])**(1)))) + (((2.8316921821010546e-2) * (np.exp((x[:,0])**(2)))) + ((2.8316921821010917e-2) * (np.exp((x[:,0])**(2)))))))))))
0.18135892326547168,  ((-2.30843143617323) + (((-1.7292381492135471) * (((x[:,0])**(2)))) + (((2.3006311006911453) * (np.exp((x[:,0])**(1)))) + (((0.3771232573983828) * (np.sin((x[:,0])**(2)))) + (((-5.00937774706665) * (((x[:,0])**(1)))) + (((3.7326571744724886) * (np.sin((x[:,0])**(1)))) + (((2.8316921821010546e-2) * (np.exp((x[:,0])**(2)))) + ((2.8316921821010917e-2) * (np.exp((x[:,0])**(2)))))))))))
0.18135892326547187,  ((-2.3084314361732328) + (((-1.7292381492135496) * (((x[:,0])**(2)))) + (((2.300631100691148) * (np.exp((x[:,0])**(1)))) + (((0.37712325739838715) * (np.sin((x[:,0])**(2)))) + (((-5.009377747066662) * (((x[:,0])**(1)))) + (((3.7326571744724912) * (np.sin((x[:,0])**(1)))) + ((5.663384364202158e-2) * (np.exp((x[:,0])**(2))))))))))
0.18135892326547168,  ((-2.30843143617323) + (((-1.7292381492135471) * (((x[:,0])**(2)))) + (((2.3006311006911453) * (np.exp((x[:,0])**(1)))) + (((0.3771232573983828) * (np.sin((x[:,0])**(2)))) + (((-5.00937774706665) * (((x[:,0])**(1)))) + (((3.7326571744724886) * (np.sin((x[:,0])**(1)))) + (((2.8316921821010546e-2) * (np.exp((x[:,0])**(2)))) + ((2.8316921821010917e-2) * (np.exp((x[:,0])**(2)))))))))))
0.18135892326547168,  ((-2.30843143617323) + (((-1.7292381492135471) * (((x[:,0])**(2)))) + (((2.3006311006911453) * (np.exp((x[:,0])**(1)))) + (((0.3771232573983828) * (np.sin((x[:,0])**(2)))) + (((-5.00937774706665) * (((x[:,0])**(1)))) + (((3.7326571744724886) * (np.sin((x[:,0])**(1)))) + (((2.8316921821010546e-2) * (np.exp((x[:,0])**(2)))) + ((2.8316921821010917e-2) * (np.exp((x[:,0])**(2)))))))))))
0.18135892326547187,  ((-2.3084314361732328) + (((-1.7292381492135496) * (((x[:,0])**(2)))) + (((2.300631100691148) * (np.exp((x[:,0])**(1)))) + (((0.37712325739838715) * (np.sin((x[:,0])**(2)))) + (((-5.009377747066662) * (((x[:,0])**(1)))) + (((3.7326571744724912) * (np.sin((x[:,0])**(1)))) + ((5.663384364202158e-2) * (np.exp((x[:,0])**(2))))))))))
0.1821527548632772,  ((3.80371820095963e-2) + (((5.1785715077218575e-3) * (((x[:,0])**(2)))) + (((-9.589033994644701e-2) * (np.sin((x[:,0])**(2)))) + (((0.23189614787913862) * (((x[:,0])**(1)))) + (((0.7330679145633295) * (np.sin((x[:,0])**(1)))) + (((3.24651072220453e-3) * (np.exp((x[:,0])**(2)))) + ((3.2465107222071294e-3) * (np.exp((x[:,0])**(2))))))))))
0.18135892326547168,  ((-2.30843143617323) + (((-1.7292381492135471) * (((x[:,0])**(2)))) + (((2.3006311006911453) * (np.exp((x[:,0])**(1)))) + (((0.3771232573983828) * (np.sin((x[:,0])**(2)))) + (((-5.00937774706665) * (((x[:,0])**(1)))) + (((3.7326571744724886) * (np.sin((x[:,0])**(1)))) + (((2.8316921821010546e-2) * (np.exp((x[:,0])**(2)))) + ((2.8316921821010917e-2) * (np.exp((x[:,0])**(2)))))))))))
0.18135892326547168,  ((-2.30843143617323) + (((-1.7292381492135471) * (((x[:,0])**(2)))) + (((2.3006311006911453) * (np.exp((x[:,0])**(1)))) + (((0.3771232573983828) * (np.sin((x[:,0])**(2)))) + (((-5.00937774706665) * (((x[:,0])**(1)))) + (((3.7326571744724886) * (np.sin((x[:,0])**(1)))) + (((2.8316921821010546e-2) * (np.exp((x[:,0])**(2)))) + ((2.8316921821010917e-2) * (np.exp((x[:,0])**(2)))))))))))
0.18135892326547168,  ((-2.30843143617323) + (((-1.7292381492135471) * (((x[:,0])**(2)))) + (((2.3006311006911453) * (np.exp((x[:,0])**(1)))) + (((0.3771232573983828) * (np.sin((x[:,0])**(2)))) + (((-5.00937774706665) * (((x[:,0])**(1)))) + (((3.7326571744724886) * (np.sin((x[:,0])**(1)))) + (((2.8316921821010546e-2) * (np.exp((x[:,0])**(2)))) + ((2.8316921821010917e-2) * (np.exp((x[:,0])**(2)))))))))))
0.18135892326547168,  ((-2.30843143617323) + (((-1.7292381492135471) * (((x[:,0])**(2)))) + (((2.3006311006911453) * (np.exp((x[:,0])**(1)))) + (((0.3771232573983828) * (np.sin((x[:,0])**(2)))) + (((-5.00937774706665) * (((x[:,0])**(1)))) + (((3.7326571744724886) * (np.sin((x[:,0])**(1)))) + (((2.8316921821010546e-2) * (np.exp((x[:,0])**(2)))) + ((2.8316921821010917e-2) * (np.exp((x[:,0])**(2)))))))))))
0.18135892326547168,  ((-2.30843143617323) + (((-1.7292381492135471) * (((x[:,0])**(2)))) + (((2.3006311006911453) * (np.exp((x[:,0])**(1)))) + (((0.3771232573983828) * (np.sin((x[:,0])**(2)))) + (((-5.00937774706665) * (((x[:,0])**(1)))) + (((3.7326571744724886) * (np.sin((x[:,0])**(1)))) + (((2.8316921821010546e-2) * (np.exp((x[:,0])**(2)))) + ((2.8316921821010917e-2) * (np.exp((x[:,0])**(2)))))))))))
0.18199835142431617,  ((-0.3704438052503293) + (((-0.14477896476613666) * (np.sin((x[:,0])**(2)))) + (((0.4699055870335569) * (np.exp((x[:,0])**(1)))) + (((-0.14477896476613633) * (np.sin((x[:,0])**(2)))) + (((-0.8453647194771376) * (((x[:,0])**(1)))) + (((1.3529915140921052) * (np.sin((x[:,0])**(1)))) + (((-2.5104399690361302e-2) * (np.exp((x[:,0])**(2)))) + ((-2.5104399690337127e-2) * (np.exp((x[:,0])**(2)))))))))))
0.18135892326547168,  ((-2.30843143617323) + (((-1.7292381492135471) * (((x[:,0])**(2)))) + (((2.3006311006911453) * (np.exp((x[:,0])**(1)))) + (((0.3771232573983828) * (np.sin((x[:,0])**(2)))) + (((-5.00937774706665) * (((x[:,0])**(1)))) + (((3.7326571744724886) * (np.sin((x[:,0])**(1)))) + (((2.8316921821010546e-2) * (np.exp((x[:,0])**(2)))) + ((2.8316921821010917e-2) * (np.exp((x[:,0])**(2)))))))))))
0.18135892326547168,  ((-2.30843143617323) + (((-1.7292381492135471) * (((x[:,0])**(2)))) + (((2.3006311006911453) * (np.exp((x[:,0])**(1)))) + (((0.3771232573983828) * (np.sin((x[:,0])**(2)))) + (((-5.00937774706665) * (((x[:,0])**(1)))) + (((3.7326571744724886) * (np.sin((x[:,0])**(1)))) + (((2.8316921821010546e-2) * (np.exp((x[:,0])**(2)))) + ((2.8316921821010917e-2) * (np.exp((x[:,0])**(2)))))))))))
0.18135892326547168,  ((-2.30843143617323) + (((-1.7292381492135471) * (((x[:,0])**(2)))) + (((2.3006311006911453) * (np.exp((x[:,0])**(1)))) + (((0.3771232573983828) * (np.sin((x[:,0])**(2)))) + (((-5.00937774706665) * (((x[:,0])**(1)))) + (((3.7326571744724886) * (np.sin((x[:,0])**(1)))) + (((2.8316921821010546e-2) * (np.exp((x[:,0])**(2)))) + ((2.8316921821010917e-2) * (np.exp((x[:,0])**(2)))))))))))
0.18135892326547168,  ((-2.30843143617323) + (((-1.7292381492135471) * (((x[:,0])**(2)))) + (((2.3006311006911453) * (np.exp((x[:,0])**(1)))) + (((0.3771232573983828) * (np.sin((x[:,0])**(2)))) + (((-5.00937774706665) * (((x[:,0])**(1)))) + (((3.7326571744724886) * (np.sin((x[:,0])**(1)))) + (((2.8316921821010546e-2) * (np.exp((x[:,0])**(2)))) + ((2.8316921821010917e-2) * (np.exp((x[:,0])**(2)))))))))))
0.18135892326547168,  ((-2.30843143617323) + (((-1.7292381492135471) * (((x[:,0])**(2)))) + (((2.3006311006911453) * (np.exp((x[:,0])**(1)))) + (((0.3771232573983828) * (np.sin((x[:,0])**(2)))) + (((-5.00937774706665) * (((x[:,0])**(1)))) + (((3.7326571744724886) * (np.sin((x[:,0])**(1)))) + (((2.8316921821010546e-2) * (np.exp((x[:,0])**(2)))) + ((2.8316921821010917e-2) * (np.exp((x[:,0])**(2)))))))))))
0.18135892326547168,  ((-2.30843143617323) + (((-1.7292381492135471) * (((x[:,0])**(2)))) + (((2.3006311006911453) * (np.exp((x[:,0])**(1)))) + (((0.3771232573983828) * (np.sin((x[:,0])**(2)))) + (((-5.00937774706665) * (((x[:,0])**(1)))) + (((3.7326571744724886) * (np.sin((x[:,0])**(1)))) + (((2.8316921821010546e-2) * (np.exp((x[:,0])**(2)))) + ((2.8316921821010917e-2) * (np.exp((x[:,0])**(2)))))))))))
0.18135892326547168,  ((-2.30843143617323) + (((-1.7292381492135471) * (((x[:,0])**(2)))) + (((2.3006311006911453) * (np.exp((x[:,0])**(1)))) + (((0.3771232573983828) * (np.sin((x[:,0])**(2)))) + (((-5.00937774706665) * (((x[:,0])**(1)))) + (((3.7326571744724886) * (np.sin((x[:,0])**(1)))) + (((2.8316921821010546e-2) * (np.exp((x[:,0])**(2)))) + ((2.8316921821010917e-2) * (np.exp((x[:,0])**(2)))))))))))
0.18135892326547168,  ((-2.30843143617323) + (((-1.7292381492135471) * (((x[:,0])**(2)))) + (((2.3006311006911453) * (np.exp((x[:,0])**(1)))) + (((0.3771232573983828) * (np.sin((x[:,0])**(2)))) + (((-5.00937774706665) * (((x[:,0])**(1)))) + (((3.7326571744724886) * (np.sin((x[:,0])**(1)))) + (((2.8316921821010546e-2) * (np.exp((x[:,0])**(2)))) + ((2.8316921821010917e-2) * (np.exp((x[:,0])**(2)))))))))))
0.18135892326547168,  ((-2.30843143617323) + (((-1.7292381492135471) * (((x[:,0])**(2)))) + (((2.3006311006911453) * (np.exp((x[:,0])**(1)))) + (((0.3771232573983828) * (np.sin((x[:,0])**(2)))) + (((-5.00937774706665) * (((x[:,0])**(1)))) + (((3.7326571744724886) * (np.sin((x[:,0])**(1)))) + (((2.8316921821010546e-2) * (np.exp((x[:,0])**(2)))) + ((2.8316921821010917e-2) * (np.exp((x[:,0])**(2)))))))))))
0.18135892326547168,  ((-2.30843143617323) + (((-1.7292381492135471) * (((x[:,0])**(2)))) + (((2.3006311006911453) * (np.exp((x[:,0])**(1)))) + (((0.3771232573983828) * (np.sin((x[:,0])**(2)))) + (((-5.00937774706665) * (((x[:,0])**(1)))) + (((3.7326571744724886) * (np.sin((x[:,0])**(1)))) + (((2.8316921821010546e-2) * (np.exp((x[:,0])**(2)))) + ((2.8316921821010917e-2) * (np.exp((x[:,0])**(2)))))))))))
0.18135892326547168,  ((-2.30843143617323) + (((-1.7292381492135471) * (((x[:,0])**(2)))) + (((2.3006311006911453) * (np.exp((x[:,0])**(1)))) + (((0.3771232573983828) * (np.sin((x[:,0])**(2)))) + (((-5.00937774706665) * (((x[:,0])**(1)))) + (((3.7326571744724886) * (np.sin((x[:,0])**(1)))) + (((2.8316921821010546e-2) * (np.exp((x[:,0])**(2)))) + ((2.8316921821010917e-2) * (np.exp((x[:,0])**(2)))))))))))
0.18135892326547168,  ((-2.30843143617323) + (((-1.7292381492135471) * (((x[:,0])**(2)))) + (((2.3006311006911453) * (np.exp((x[:,0])**(1)))) + (((0.3771232573983828) * (np.sin((x[:,0])**(2)))) + (((-5.00937774706665) * (((x[:,0])**(1)))) + (((3.7326571744724886) * (np.sin((x[:,0])**(1)))) + (((2.8316921821010546e-2) * (np.exp((x[:,0])**(2)))) + ((2.8316921821010917e-2) * (np.exp((x[:,0])**(2)))))))))))
0.18135892326547168,  ((-2.30843143617323) + (((-1.7292381492135471) * (((x[:,0])**(2)))) + (((2.3006311006911453) * (np.exp((x[:,0])**(1)))) + (((0.3771232573983828) * (np.sin((x[:,0])**(2)))) + (((-5.00937774706665) * (((x[:,0])**(1)))) + (((3.7326571744724886) * (np.sin((x[:,0])**(1)))) + (((2.8316921821010546e-2) * (np.exp((x[:,0])**(2)))) + ((2.8316921821010917e-2) * (np.exp((x[:,0])**(2)))))))))))
0.18135892326547168,  ((-2.30843143617323) + (((-1.7292381492135471) * (((x[:,0])**(2)))) + (((2.3006311006911453) * (np.exp((x[:,0])**(1)))) + (((0.3771232573983828) * (np.sin((x[:,0])**(2)))) + (((-5.00937774706665) * (((x[:,0])**(1)))) + (((3.7326571744724886) * (np.sin((x[:,0])**(1)))) + (((2.8316921821010546e-2) * (np.exp((x[:,0])**(2)))) + ((2.8316921821010917e-2) * (np.exp((x[:,0])**(2)))))))))))
0.1819983514243161,  ((-0.37044380525071574) + (((0.46990558703400326) * (np.exp((x[:,0])**(1)))) + (((-0.2895579295324583) * (np.sin((x[:,0])**(2)))) + (((-0.8453647194781668) * (((x[:,0])**(1)))) + (((1.352991514092699) * (np.sin((x[:,0])**(1)))) + (((-2.5104399690355748e-2) * (np.exp((x[:,0])**(2)))) + ((-2.5104399690397648e-2) * (np.exp((x[:,0])**(2))))))))))
0.18135892326547168,  ((-2.30843143617323) + (((-1.7292381492135471) * (((x[:,0])**(2)))) + (((2.3006311006911453) * (np.exp((x[:,0])**(1)))) + (((0.3771232573983828) * (np.sin((x[:,0])**(2)))) + (((-5.00937774706665) * (((x[:,0])**(1)))) + (((3.7326571744724886) * (np.sin((x[:,0])**(1)))) + (((2.8316921821010546e-2) * (np.exp((x[:,0])**(2)))) + ((2.8316921821010917e-2) * (np.exp((x[:,0])**(2)))))))))))
0.1824601872962891,  ((0.5987297406623768) + (((0.4140295855200581) * (((x[:,0])**(2)))) + (((-0.5509915436772631) * (np.exp((x[:,0])**(1)))) + (((-0.20429163795387925) * (np.sin((x[:,0])**(2)))) + (((1.4985454978343054) * (((x[:,0])**(1)))) + (((-2.092596437294307e-3) * (np.exp((x[:,0])**(2)))) + ((-2.092596437294307e-3) * (np.exp((x[:,0])**(2))))))))))
0.18135892326547168,  ((-2.30843143617323) + (((-1.7292381492135471) * (((x[:,0])**(2)))) + (((2.3006311006911453) * (np.exp((x[:,0])**(1)))) + (((0.3771232573983828) * (np.sin((x[:,0])**(2)))) + (((-5.00937774706665) * (((x[:,0])**(1)))) + (((3.7326571744724886) * (np.sin((x[:,0])**(1)))) + (((2.8316921821010546e-2) * (np.exp((x[:,0])**(2)))) + ((2.8316921821010917e-2) * (np.exp((x[:,0])**(2)))))))))))
0.18135892326547168,  ((-2.30843143617323) + (((-1.7292381492135471) * (((x[:,0])**(2)))) + (((2.3006311006911453) * (np.exp((x[:,0])**(1)))) + (((0.3771232573983828) * (np.sin((x[:,0])**(2)))) + (((-5.00937774706665) * (((x[:,0])**(1)))) + (((3.7326571744724886) * (np.sin((x[:,0])**(1)))) + (((2.8316921821010546e-2) * (np.exp((x[:,0])**(2)))) + ((2.8316921821010917e-2) * (np.exp((x[:,0])**(2)))))))))))
0.18135892326547168,  ((-2.30843143617323) + (((-1.7292381492135471) * (((x[:,0])**(2)))) + (((2.3006311006911453) * (np.exp((x[:,0])**(1)))) + (((0.3771232573983828) * (np.sin((x[:,0])**(2)))) + (((-5.00937774706665) * (((x[:,0])**(1)))) + (((3.7326571744724886) * (np.sin((x[:,0])**(1)))) + (((2.8316921821010546e-2) * (np.exp((x[:,0])**(2)))) + ((2.8316921821010917e-2) * (np.exp((x[:,0])**(2)))))))))))
0.18135892326547168,  ((-2.30843143617323) + (((-1.7292381492135471) * (((x[:,0])**(2)))) + (((2.3006311006911453) * (np.exp((x[:,0])**(1)))) + (((0.3771232573983828) * (np.sin((x[:,0])**(2)))) + (((-5.00937774706665) * (((x[:,0])**(1)))) + (((3.7326571744724886) * (np.sin((x[:,0])**(1)))) + (((2.8316921821010546e-2) * (np.exp((x[:,0])**(2)))) + ((2.8316921821010917e-2) * (np.exp((x[:,0])**(2)))))))))))
0.18135892326547168,  ((-2.30843143617323) + (((-1.7292381492135471) * (((x[:,0])**(2)))) + (((2.3006311006911453) * (np.exp((x[:,0])**(1)))) + (((0.3771232573983828) * (np.sin((x[:,0])**(2)))) + (((-5.00937774706665) * (((x[:,0])**(1)))) + (((3.7326571744724886) * (np.sin((x[:,0])**(1)))) + (((2.8316921821010546e-2) * (np.exp((x[:,0])**(2)))) + ((2.8316921821010917e-2) * (np.exp((x[:,0])**(2)))))))))))
0.18135892326547168,  ((-2.30843143617323) + (((-1.7292381492135471) * (((x[:,0])**(2)))) + (((2.3006311006911453) * (np.exp((x[:,0])**(1)))) + (((0.3771232573983828) * (np.sin((x[:,0])**(2)))) + (((-5.00937774706665) * (((x[:,0])**(1)))) + (((3.7326571744724886) * (np.sin((x[:,0])**(1)))) + (((2.8316921821010546e-2) * (np.exp((x[:,0])**(2)))) + ((2.8316921821010917e-2) * (np.exp((x[:,0])**(2)))))))))))
0.18135892326547168,  ((-2.30843143617323) + (((-1.7292381492135471) * (((x[:,0])**(2)))) + (((2.3006311006911453) * (np.exp((x[:,0])**(1)))) + (((0.3771232573983828) * (np.sin((x[:,0])**(2)))) + (((-5.00937774706665) * (((x[:,0])**(1)))) + (((3.7326571744724886) * (np.sin((x[:,0])**(1)))) + (((2.8316921821010546e-2) * (np.exp((x[:,0])**(2)))) + ((2.8316921821010917e-2) * (np.exp((x[:,0])**(2)))))))))))
0.18135892326547187,  ((-2.3084314361732328) + (((-1.7292381492135496) * (((x[:,0])**(2)))) + (((2.300631100691148) * (np.exp((x[:,0])**(1)))) + (((0.37712325739838715) * (np.sin((x[:,0])**(2)))) + (((-5.009377747066662) * (((x[:,0])**(1)))) + (((3.7326571744724912) * (np.sin((x[:,0])**(1)))) + ((5.663384364202158e-2) * (np.exp((x[:,0])**(2))))))))))
0.18135892326547168,  ((-2.30843143617323) + (((-1.7292381492135471) * (((x[:,0])**(2)))) + (((2.3006311006911453) * (np.exp((x[:,0])**(1)))) + (((0.3771232573983828) * (np.sin((x[:,0])**(2)))) + (((-5.00937774706665) * (((x[:,0])**(1)))) + (((3.7326571744724886) * (np.sin((x[:,0])**(1)))) + (((2.8316921821010546e-2) * (np.exp((x[:,0])**(2)))) + ((2.8316921821010917e-2) * (np.exp((x[:,0])**(2)))))))))))
0.18135892326547168,  ((-2.30843143617323) + (((-1.7292381492135471) * (((x[:,0])**(2)))) + (((2.3006311006911453) * (np.exp((x[:,0])**(1)))) + (((0.3771232573983828) * (np.sin((x[:,0])**(2)))) + (((-5.00937774706665) * (((x[:,0])**(1)))) + (((3.7326571744724886) * (np.sin((x[:,0])**(1)))) + (((2.8316921821010546e-2) * (np.exp((x[:,0])**(2)))) + ((2.8316921821010917e-2) * (np.exp((x[:,0])**(2)))))))))))
