"Id(((0.9042826851285696) + (((-1.3359495801768187e-2) * (Id(((x1)^(1)) * ((x0)^(2))))) + (((-1.3359495801745482e-2) * (Id(((x1)^(1)) * ((x0)^(2))))) + (((1.5986430067366934e-2) * (Id(((x1)^(1)) * ((x0)^(1))))) + (((0.30741016721603814) * (Id(((x1)^(2)) * ((x0)^(2))))) + (((-4.593083009999625e-2) * (Id((x1)^(1)))) + ((5.64647560708614e-3) * (Id((x0)^(2)))))))))) / ((1.0) + (((1.0130731880753436e-2) * (Id(((x1)^(1)) * ((x0)^(1))))) + (((0.15068399553523285) * (Id(((x1)^(2)) * ((x0)^(2))))) + (((-1.3568978199314394e-2) * (Id(((x1)^(1)) * ((x0)^(2))))) + ((-2.6174807482391267e-2) * (Id((x1)^(1)))))))))","[0.9042826851285696,-1.3359495801768187e-2,-1.3359495801745482e-2,1.5986430067366934e-2,0.30741016721603814,-4.593083009999625e-2,5.64647560708614e-3,1.0130731880753436e-2,0.15068399553523285,-1.3568978199314394e-2,-2.6174807482391267e-2]","(((0.9042826851285696) + (((-1.3359495801768187e-2) * ((((x[:,1])**(1)) * ((x[:,0])**(2))))) + (((-1.3359495801745482e-2) * ((((x[:,1])**(1)) * ((x[:,0])**(2))))) + (((1.5986430067366934e-2) * ((((x[:,1])**(1)) * ((x[:,0])**(1))))) + (((0.30741016721603814) * ((((x[:,1])**(2)) * ((x[:,0])**(2))))) + (((-4.593083009999625e-2) * (((x[:,1])**(1)))) + ((5.64647560708614e-3) * (((x[:,0])**(2)))))))))) / ((1.0) + (((1.0130731880753436e-2) * ((((x[:,1])**(1)) * ((x[:,0])**(1))))) + (((0.15068399553523285) * ((((x[:,1])**(2)) * ((x[:,0])**(2))))) + (((-1.3568978199314394e-2) * ((((x[:,1])**(1)) * ((x[:,0])**(2))))) + ((-2.6174807482391267e-2) * (((x[:,1])**(1)))))))))"

======================================
"Id(((0.9040114974611095) + (((5.82889007238488e-3) * (Id((x0)^(2)))) + (((6.249858588718097e-3) * (Id((x0)^(1)))) + (((0.15284579077068505) * (Id(((x1)^(2)) * ((x0)^(2))))) + (((-3.485687683062126e-2) * (Id(((x1)^(1)) * ((x0)^(2))))) + (((1.0956543250771746e-2) * (Id(((x1)^(1)) * ((x0)^(1))))) + ((0.15284579077068441) * (Id(((x1)^(2)) * ((x0)^(2))))))))))) / ((1.0) + (((7.566534911648047e-3) * (Id(((x1)^(1)) * ((x0)^(1))))) + (((-1.799533866166012e-2) * (Id(((x1)^(1)) * ((x0)^(2))))) + ((0.14982064037490916) * (Id(((x1)^(2)) * ((x0)^(2)))))))))","[0.9040114974611095,5.82889007238488e-3,6.249858588718097e-3,0.15284579077068505,-3.485687683062126e-2,1.0956543250771746e-2,0.15284579077068441,7.566534911648047e-3,-1.799533866166012e-2,0.14982064037490916]","(((0.9040114974611095) + (((5.82889007238488e-3) * (((x[:,0])**(2)))) + (((6.249858588718097e-3) * (((x[:,0])**(1)))) + (((0.15284579077068505) * ((((x[:,1])**(2)) * ((x[:,0])**(2))))) + (((-3.485687683062126e-2) * ((((x[:,1])**(1)) * ((x[:,0])**(2))))) + (((1.0956543250771746e-2) * ((((x[:,1])**(1)) * ((x[:,0])**(1))))) + ((0.15284579077068441) * ((((x[:,1])**(2)) * ((x[:,0])**(2))))))))))) / ((1.0) + (((7.566534911648047e-3) * ((((x[:,1])**(1)) * ((x[:,0])**(1))))) + (((-1.799533866166012e-2) * ((((x[:,1])**(1)) * ((x[:,0])**(2))))) + ((0.14982064037490916) * ((((x[:,1])**(2)) * ((x[:,0])**(2)))))))))"

======================================
"Id(((0.9041598116825906) + (((4.667653045863536e-3) * (Id((x0)^(1)))) + (((2.5854889578395964e-4) * (Id(((x1)^(2)) * ((x0)^(1))))) + (((0.3071436929958355) * (Id(((x1)^(2)) * ((x0)^(2))))) + (((1.3428790868100046e-2) * (Id(((x1)^(1)) * ((x0)^(1))))) + (((-4.575013973310287e-2) * (Id((x1)^(1)))) + (((5.532182038101089e-3) * (Id((x0)^(2)))) + ((-2.781510466445031e-2) * (Id(((x1)^(1)) * ((x0)^(2)))))))))))) / ((1.0) + (((-1.4132237672670477e-2) * (Id(((x1)^(1)) * ((x0)^(2))))) + (((8.829613265972331e-3) * (Id(((x1)^(1)) * ((x0)^(1))))) + (((0.15054245770951832) * (Id(((x1)^(2)) * ((x0)^(2))))) + ((-2.6177309692414368e-2) * (Id((x1)^(1)))))))))","[0.9041598116825906,4.667653045863536e-3,2.5854889578395964e-4,0.3071436929958355,1.3428790868100046e-2,-4.575013973310287e-2,5.532182038101089e-3,-2.781510466445031e-2,-1.4132237672670477e-2,8.829613265972331e-3,0.15054245770951832,-2.6177309692414368e-2]","(((0.9041598116825906) + (((4.667653045863536e-3) * (((x[:,0])**(1)))) + (((2.5854889578395964e-4) * ((((x[:,1])**(2)) * ((x[:,0])**(1))))) + (((0.3071436929958355) * ((((x[:,1])**(2)) * ((x[:,0])**(2))))) + (((1.3428790868100046e-2) * ((((x[:,1])**(1)) * ((x[:,0])**(1))))) + (((-4.575013973310287e-2) * (((x[:,1])**(1)))) + (((5.532182038101089e-3) * (((x[:,0])**(2)))) + ((-2.781510466445031e-2) * ((((x[:,1])**(1)) * ((x[:,0])**(2)))))))))))) / ((1.0) + (((-1.4132237672670477e-2) * ((((x[:,1])**(1)) * ((x[:,0])**(2))))) + (((8.829613265972331e-3) * ((((x[:,1])**(1)) * ((x[:,0])**(1))))) + (((0.15054245770951832) * ((((x[:,1])**(2)) * ((x[:,0])**(2))))) + ((-2.6177309692414368e-2) * (((x[:,1])**(1)))))))))"

======================================
"Id(((0.9040114974611048) + (((-3.485687683062108e-2) * (Id(((x1)^(1)) * ((x0)^(2))))) + (((3.1249292943611733e-3) * (Id((x0)^(1)))) + (((3.1249292943576314e-3) * (Id((x0)^(1)))) + (((0.3056915815413698) * (Id(((x1)^(2)) * ((x0)^(2))))) + (((1.095654325077287e-2) * (Id(((x1)^(1)) * ((x0)^(1))))) + ((5.828890072385802e-3) * (Id((x0)^(2)))))))))) / ((1.0) + (((7.566534911648604e-3) * (Id(((x1)^(1)) * ((x0)^(1))))) + (((-1.7995338661660053e-2) * (Id(((x1)^(1)) * ((x0)^(2))))) + ((0.14982064037490966) * (Id(((x1)^(2)) * ((x0)^(2)))))))))","[0.9040114974611048,-3.485687683062108e-2,3.1249292943611733e-3,3.1249292943576314e-3,0.3056915815413698,1.095654325077287e-2,5.828890072385802e-3,7.566534911648604e-3,-1.7995338661660053e-2,0.14982064037490966]","(((0.9040114974611048) + (((-3.485687683062108e-2) * ((((x[:,1])**(1)) * ((x[:,0])**(2))))) + (((3.1249292943611733e-3) * (((x[:,0])**(1)))) + (((3.1249292943576314e-3) * (((x[:,0])**(1)))) + (((0.3056915815413698) * ((((x[:,1])**(2)) * ((x[:,0])**(2))))) + (((1.095654325077287e-2) * ((((x[:,1])**(1)) * ((x[:,0])**(1))))) + ((5.828890072385802e-3) * (((x[:,0])**(2)))))))))) / ((1.0) + (((7.566534911648604e-3) * ((((x[:,1])**(1)) * ((x[:,0])**(1))))) + (((-1.7995338661660053e-2) * ((((x[:,1])**(1)) * ((x[:,0])**(2))))) + ((0.14982064037490966) * ((((x[:,1])**(2)) * ((x[:,0])**(2)))))))))"

======================================
"Id(((0.9088323347508089) + (((0.30397138783035327) * (Id(((x1)^(2)) * ((x0)^(2))))) + (((-1.960769609712907e-2) * (Id(((x1)^(2)) * ((x0)^(1))))) + (((-6.573421405205856e-2) * (Id((x1)^(1)))) + (((2.5055728980705677e-3) * (Id((x0)^(2)))) + (((6.485387418401256e-3) * (Id((x0)^(1)))) + ((2.505572898072129e-3) * (Id((x0)^(2)))))))))) / ((1.0) + (((-1.0061866166762324e-2) * (Id(((x1)^(2)) * ((x0)^(1))))) + (((-3.577392825617761e-2) * (Id((x1)^(1)))) + (((1.9327352151321943e-3) * (Id(((x1)^(1)) * ((x0)^(1))))) + (((7.447026789225557e-2) * (Id(((x1)^(2)) * ((x0)^(2))))) + ((7.44702678922558e-2) * (Id(((x1)^(2)) * ((x0)^(2)))))))))))","[0.9088323347508089,0.30397138783035327,-1.960769609712907e-2,-6.573421405205856e-2,2.5055728980705677e-3,6.485387418401256e-3,2.505572898072129e-3,-1.0061866166762324e-2,-3.577392825617761e-2,1.9327352151321943e-3,7.447026789225557e-2,7.44702678922558e-2]","(((0.9088323347508089) + (((0.30397138783035327) * ((((x[:,1])**(2)) * ((x[:,0])**(2))))) + (((-1.960769609712907e-2) * ((((x[:,1])**(2)) * ((x[:,0])**(1))))) + (((-6.573421405205856e-2) * (((x[:,1])**(1)))) + (((2.5055728980705677e-3) * (((x[:,0])**(2)))) + (((6.485387418401256e-3) * (((x[:,0])**(1)))) + ((2.505572898072129e-3) * (((x[:,0])**(2)))))))))) / ((1.0) + (((-1.0061866166762324e-2) * ((((x[:,1])**(2)) * ((x[:,0])**(1))))) + (((-3.577392825617761e-2) * (((x[:,1])**(1)))) + (((1.9327352151321943e-3) * ((((x[:,1])**(1)) * ((x[:,0])**(1))))) + (((7.447026789225557e-2) * ((((x[:,1])**(2)) * ((x[:,0])**(2))))) + ((7.44702678922558e-2) * ((((x[:,1])**(2)) * ((x[:,0])**(2)))))))))))"

======================================
"Id(((0.9041746676663602) + (((-3.496217187788728e-2) * (Id(((x1)^(1)) * ((x0)^(2))))) + (((0.15285528706937143) * (Id(((x1)^(2)) * ((x0)^(2))))) + (((0.15285528706936247) * (Id(((x1)^(2)) * ((x0)^(2))))) + (((-3.6624338682082207e-3) * (Id(((x1)^(1)) * ((x0)^(1))))) + (((2.964607935863748e-3) * (Id((x0)^(2)))) + (((2.9646079358649317e-3) * (Id((x0)^(2)))) + ((6.424100812594658e-3) * (Id((x0)^(1))))))))))) / ((1.0) + (((0.149835916963887) * (Id(((x1)^(2)) * ((x0)^(2))))) + ((-1.8051357861997082e-2) * (Id(((x1)^(1)) * ((x0)^(2))))))))","[0.9041746676663602,-3.496217187788728e-2,0.15285528706937143,0.15285528706936247,-3.6624338682082207e-3,2.964607935863748e-3,2.9646079358649317e-3,6.424100812594658e-3,0.149835916963887,-1.8051357861997082e-2]","(((0.9041746676663602) + (((-3.496217187788728e-2) * ((((x[:,1])**(1)) * ((x[:,0])**(2))))) + (((0.15285528706937143) * ((((x[:,1])**(2)) * ((x[:,0])**(2))))) + (((0.15285528706936247) * ((((x[:,1])**(2)) * ((x[:,0])**(2))))) + (((-3.6624338682082207e-3) * ((((x[:,1])**(1)) * ((x[:,0])**(1))))) + (((2.964607935863748e-3) * (((x[:,0])**(2)))) + (((2.9646079358649317e-3) * (((x[:,0])**(2)))) + ((6.424100812594658e-3) * (((x[:,0])**(1))))))))))) / ((1.0) + (((0.149835916963887) * ((((x[:,1])**(2)) * ((x[:,0])**(2))))) + ((-1.8051357861997082e-2) * ((((x[:,1])**(1)) * ((x[:,0])**(2))))))))"

======================================
"Id(((0.9097070557619615) + (((5.294644418017139e-3) * (Id((x0)^(2)))) + (((5.246330977892453e-3) * (Id((x0)^(1)))) + (((0.15018948335739174) * (Id(((x1)^(2)) * ((x0)^(2))))) + (((-1.8294883265199187e-2) * (Id(((x1)^(2)) * ((x0)^(1))))) + (((0.15018948335739235) * (Id(((x1)^(2)) * ((x0)^(2))))) + ((1.791551728998021e-2) * (Id(((x1)^(1)) * ((x0)^(1))))))))))) / ((1.0) + (((-9.445557185548167e-3) * (Id(((x1)^(2)) * ((x0)^(1))))) + (((1.1159165582770195e-2) * (Id(((x1)^(1)) * ((x0)^(1))))) + ((0.14714380291212634) * (Id(((x1)^(2)) * ((x0)^(2)))))))))","[0.9097070557619615,5.294644418017139e-3,5.246330977892453e-3,0.15018948335739174,-1.8294883265199187e-2,0.15018948335739235,1.791551728998021e-2,-9.445557185548167e-3,1.1159165582770195e-2,0.14714380291212634]","(((0.9097070557619615) + (((5.294644418017139e-3) * (((x[:,0])**(2)))) + (((5.246330977892453e-3) * (((x[:,0])**(1)))) + (((0.15018948335739174) * ((((x[:,1])**(2)) * ((x[:,0])**(2))))) + (((-1.8294883265199187e-2) * ((((x[:,1])**(2)) * ((x[:,0])**(1))))) + (((0.15018948335739235) * ((((x[:,1])**(2)) * ((x[:,0])**(2))))) + ((1.791551728998021e-2) * ((((x[:,1])**(1)) * ((x[:,0])**(1))))))))))) / ((1.0) + (((-9.445557185548167e-3) * ((((x[:,1])**(2)) * ((x[:,0])**(1))))) + (((1.1159165582770195e-2) * ((((x[:,1])**(1)) * ((x[:,0])**(1))))) + ((0.14714380291212634) * ((((x[:,1])**(2)) * ((x[:,0])**(2)))))))))"

======================================
"Id(((0.9088520646001138) + (((2.5957732948885723e-3) * (Id((x0)^(2)))) + (((-2.465893127257627e-4) * (Id(((x1)^(1)) * ((x0)^(2))))) + (((-6.574123212701835e-2) * (Id((x1)^(1)))) + (((0.3031532206943402) * (Id(((x1)^(2)) * ((x0)^(2))))) + (((-3.7206895184298317e-3) * (Id(((x1)^(1)) * ((x0)^(1))))) + (((2.595773294874335e-3) * (Id((x0)^(2)))) + (((4.24899578016053e-4) * (Id(((x1)^(2)) * ((x0)^(1))))) + ((3.136465305532259e-3) * (Id((x0)^(1)))))))))))) / ((1.0) + (((0.148537001947062) * (Id(((x1)^(2)) * ((x0)^(2))))) + ((-3.6714223662723096e-2) * (Id((x1)^(1)))))))","[0.9088520646001138,2.5957732948885723e-3,-2.465893127257627e-4,-6.574123212701835e-2,0.3031532206943402,-3.7206895184298317e-3,2.595773294874335e-3,4.24899578016053e-4,3.136465305532259e-3,0.148537001947062,-3.6714223662723096e-2]","(((0.9088520646001138) + (((2.5957732948885723e-3) * (((x[:,0])**(2)))) + (((-2.465893127257627e-4) * ((((x[:,1])**(1)) * ((x[:,0])**(2))))) + (((-6.574123212701835e-2) * (((x[:,1])**(1)))) + (((0.3031532206943402) * ((((x[:,1])**(2)) * ((x[:,0])**(2))))) + (((-3.7206895184298317e-3) * ((((x[:,1])**(1)) * ((x[:,0])**(1))))) + (((2.595773294874335e-3) * (((x[:,0])**(2)))) + (((4.24899578016053e-4) * ((((x[:,1])**(2)) * ((x[:,0])**(1))))) + ((3.136465305532259e-3) * (((x[:,0])**(1)))))))))))) / ((1.0) + (((0.148537001947062) * ((((x[:,1])**(2)) * ((x[:,0])**(2))))) + ((-3.6714223662723096e-2) * (((x[:,1])**(1)))))))"

======================================
"Id(((0.9043082494180319) + (((-2.842346044735552e-2) * (Id(((x1)^(1)) * ((x0)^(2))))) + (((2.122726144039703e-3) * (Id((x0)^(1)))) + (((5.6821192333275684e-3) * (Id((x0)^(2)))) + (((2.122726144037591e-3) * (Id((x0)^(1)))) + (((0.30707531135950955) * (Id(((x1)^(2)) * ((x0)^(2))))) + (((-3.6657408996174996e-3) * (Id(((x1)^(1)) * ((x0)^(1))))) + (((2.1227261440373815e-3) * (Id((x0)^(1)))) + ((-4.4743339016210644e-2) * (Id((x1)^(1)))))))))))) / ((1.0) + (((-1.4451434441630679e-2) * (Id(((x1)^(1)) * ((x0)^(2))))) + (((0.15051749219284907) * (Id(((x1)^(2)) * ((x0)^(2))))) + ((-2.5620024023000378e-2) * (Id((x1)^(1))))))))","[0.9043082494180319,-2.842346044735552e-2,2.122726144039703e-3,5.6821192333275684e-3,2.122726144037591e-3,0.30707531135950955,-3.6657408996174996e-3,2.1227261440373815e-3,-4.4743339016210644e-2,-1.4451434441630679e-2,0.15051749219284907,-2.5620024023000378e-2]","(((0.9043082494180319) + (((-2.842346044735552e-2) * ((((x[:,1])**(1)) * ((x[:,0])**(2))))) + (((2.122726144039703e-3) * (((x[:,0])**(1)))) + (((5.6821192333275684e-3) * (((x[:,0])**(2)))) + (((2.122726144037591e-3) * (((x[:,0])**(1)))) + (((0.30707531135950955) * ((((x[:,1])**(2)) * ((x[:,0])**(2))))) + (((-3.6657408996174996e-3) * ((((x[:,1])**(1)) * ((x[:,0])**(1))))) + (((2.1227261440373815e-3) * (((x[:,0])**(1)))) + ((-4.4743339016210644e-2) * (((x[:,1])**(1)))))))))))) / ((1.0) + (((-1.4451434441630679e-2) * ((((x[:,1])**(1)) * ((x[:,0])**(2))))) + (((0.15051749219284907) * ((((x[:,1])**(2)) * ((x[:,0])**(2))))) + ((-2.5620024023000378e-2) * (((x[:,1])**(1))))))))"

======================================
"Id(((0.9040114974611064) + (((-3.485687683062124e-2) * (Id(((x1)^(1)) * ((x0)^(2))))) + (((5.828890072382683e-3) * (Id((x0)^(2)))) + (((0.30569158154137144) * (Id(((x1)^(2)) * ((x0)^(2))))) + (((1.0956543250775327e-2) * (Id(((x1)^(1)) * ((x0)^(1))))) + ((6.249858588718684e-3) * (Id((x0)^(1))))))))) / ((1.0) + (((-1.7995338661660216e-2) * (Id(((x1)^(1)) * ((x0)^(2))))) + (((7.566534911649904e-3) * (Id(((x1)^(1)) * ((x0)^(1))))) + ((0.1498206403749101) * (Id(((x1)^(2)) * ((x0)^(2)))))))))","[0.9040114974611064,-3.485687683062124e-2,5.828890072382683e-3,0.30569158154137144,1.0956543250775327e-2,6.249858588718684e-3,-1.7995338661660216e-2,7.566534911649904e-3,0.1498206403749101]","(((0.9040114974611064) + (((-3.485687683062124e-2) * ((((x[:,1])**(1)) * ((x[:,0])**(2))))) + (((5.828890072382683e-3) * (((x[:,0])**(2)))) + (((0.30569158154137144) * ((((x[:,1])**(2)) * ((x[:,0])**(2))))) + (((1.0956543250775327e-2) * ((((x[:,1])**(1)) * ((x[:,0])**(1))))) + ((6.249858588718684e-3) * (((x[:,0])**(1))))))))) / ((1.0) + (((-1.7995338661660216e-2) * ((((x[:,1])**(1)) * ((x[:,0])**(2))))) + (((7.566534911649904e-3) * ((((x[:,1])**(1)) * ((x[:,0])**(1))))) + ((0.1498206403749101) * ((((x[:,1])**(2)) * ((x[:,0])**(2)))))))))"

======================================
"Id(((0.9085583087361219) + (((-6.664481551258591e-2) * (Id((x1)^(1)))) + (((0.3040740212566163) * (Id(((x1)^(2)) * ((x0)^(2))))) + (((4.85708244624703e-3) * (Id((x0)^(2)))) + (((6.362446511589802e-3) * (Id((x0)^(1)))) + (((2.1436763820151042e-2) * (Id(((x1)^(1)) * ((x0)^(1))))) + ((-2.110964723265458e-2) * (Id(((x1)^(2)) * ((x0)^(1))))))))))) / ((1.0) + (((1.2972216581480525e-2) * (Id(((x1)^(1)) * ((x0)^(1))))) + (((-1.0827282844702288e-2) * (Id(((x1)^(2)) * ((x0)^(1))))) + (((0.148983322785801) * (Id(((x1)^(2)) * ((x0)^(2))))) + ((-3.6222955232683623e-2) * (Id((x1)^(1)))))))))","[0.9085583087361219,-6.664481551258591e-2,0.3040740212566163,4.85708244624703e-3,6.362446511589802e-3,2.1436763820151042e-2,-2.110964723265458e-2,1.2972216581480525e-2,-1.0827282844702288e-2,0.148983322785801,-3.6222955232683623e-2]","(((0.9085583087361219) + (((-6.664481551258591e-2) * (((x[:,1])**(1)))) + (((0.3040740212566163) * ((((x[:,1])**(2)) * ((x[:,0])**(2))))) + (((4.85708244624703e-3) * (((x[:,0])**(2)))) + (((6.362446511589802e-3) * (((x[:,0])**(1)))) + (((2.1436763820151042e-2) * ((((x[:,1])**(1)) * ((x[:,0])**(1))))) + ((-2.110964723265458e-2) * ((((x[:,1])**(2)) * ((x[:,0])**(1))))))))))) / ((1.0) + (((1.2972216581480525e-2) * ((((x[:,1])**(1)) * ((x[:,0])**(1))))) + (((-1.0827282844702288e-2) * ((((x[:,1])**(2)) * ((x[:,0])**(1))))) + (((0.148983322785801) * ((((x[:,1])**(2)) * ((x[:,0])**(2))))) + ((-3.6222955232683623e-2) * (((x[:,1])**(1)))))))))"

======================================
"Id(((0.9041746676663649) + (((0.3057105741387369) * (Id(((x1)^(2)) * ((x0)^(2))))) + (((5.929215871728825e-3) * (Id((x0)^(2)))) + (((-1.748108593894317e-2) * (Id(((x1)^(1)) * ((x0)^(2))))) + (((-1.7481085938941442e-2) * (Id(((x1)^(1)) * ((x0)^(2))))) + (((6.42410081259521e-3) * (Id((x0)^(1)))) + ((-3.6624338682084883e-3) * (Id(((x1)^(1)) * ((x0)^(1))))))))))) / ((1.0) + (((0.14983591696388848) * (Id(((x1)^(2)) * ((x0)^(2))))) + ((-1.805135786199545e-2) * (Id(((x1)^(1)) * ((x0)^(2))))))))","[0.9041746676663649,0.3057105741387369,5.929215871728825e-3,-1.748108593894317e-2,-1.7481085938941442e-2,6.42410081259521e-3,-3.6624338682084883e-3,0.14983591696388848,-1.805135786199545e-2]","(((0.9041746676663649) + (((0.3057105741387369) * ((((x[:,1])**(2)) * ((x[:,0])**(2))))) + (((5.929215871728825e-3) * (((x[:,0])**(2)))) + (((-1.748108593894317e-2) * ((((x[:,1])**(1)) * ((x[:,0])**(2))))) + (((-1.7481085938941442e-2) * ((((x[:,1])**(1)) * ((x[:,0])**(2))))) + (((6.42410081259521e-3) * (((x[:,0])**(1)))) + ((-3.6624338682084883e-3) * ((((x[:,1])**(1)) * ((x[:,0])**(1))))))))))) / ((1.0) + (((0.14983591696388848) * ((((x[:,1])**(2)) * ((x[:,0])**(2))))) + ((-1.805135786199545e-2) * ((((x[:,1])**(1)) * ((x[:,0])**(2))))))))"

======================================
"Id(((0.9040114974611143) + (((5.478271625366474e-3) * (Id(((x1)^(1)) * ((x0)^(1))))) + (((-3.485687683062203e-2) * (Id(((x1)^(1)) * ((x0)^(2))))) + (((6.249858588717983e-3) * (Id((x0)^(1)))) + (((0.3056915815413696) * (Id(((x1)^(2)) * ((x0)^(2))))) + (((2.9144450361947693e-3) * (Id((x0)^(2)))) + (((5.478271625404305e-3) * (Id(((x1)^(1)) * ((x0)^(1))))) + ((2.914445036190963e-3) * (Id((x0)^(2))))))))))) / ((1.0) + (((-1.799533866166048e-2) * (Id(((x1)^(1)) * ((x0)^(2))))) + (((7.566534911647729e-3) * (Id(((x1)^(1)) * ((x0)^(1))))) + ((0.14982064037490955) * (Id(((x1)^(2)) * ((x0)^(2)))))))))","[0.9040114974611143,5.478271625366474e-3,-3.485687683062203e-2,6.249858588717983e-3,0.3056915815413696,2.9144450361947693e-3,5.478271625404305e-3,2.914445036190963e-3,-1.799533866166048e-2,7.566534911647729e-3,0.14982064037490955]","(((0.9040114974611143) + (((5.478271625366474e-3) * ((((x[:,1])**(1)) * ((x[:,0])**(1))))) + (((-3.485687683062203e-2) * ((((x[:,1])**(1)) * ((x[:,0])**(2))))) + (((6.249858588717983e-3) * (((x[:,0])**(1)))) + (((0.3056915815413696) * ((((x[:,1])**(2)) * ((x[:,0])**(2))))) + (((2.9144450361947693e-3) * (((x[:,0])**(2)))) + (((5.478271625404305e-3) * ((((x[:,1])**(1)) * ((x[:,0])**(1))))) + ((2.914445036190963e-3) * (((x[:,0])**(2))))))))))) / ((1.0) + (((-1.799533866166048e-2) * ((((x[:,1])**(1)) * ((x[:,0])**(2))))) + (((7.566534911647729e-3) * ((((x[:,1])**(1)) * ((x[:,0])**(1))))) + ((0.14982064037490955) * ((((x[:,1])**(2)) * ((x[:,0])**(2)))))))))"

======================================
"Id(((0.9041184360530188) + (((2.9085668460805524e-3) * (Id((x0)^(2)))) + (((8.057029557075483e-3) * (Id((x0)^(1)))) + (((-1.730540035182912e-2) * (Id(((x1)^(2)) * ((x0)^(1))))) + (((-3.471499146952971e-2) * (Id(((x1)^(1)) * ((x0)^(2))))) + (((2.9085668460587808e-3) * (Id((x0)^(2)))) + (((0.15325215910252898) * (Id(((x1)^(2)) * ((x0)^(2))))) + (((0.15325215910252904) * (Id(((x1)^(2)) * ((x0)^(2))))) + ((-3.5542846380935745e-3) * (Id(((x1)^(1)) * ((x0)^(1))))))))))))) / ((1.0) + (((-8.80648328120371e-3) * (Id(((x1)^(2)) * ((x0)^(1))))) + (((0.1502297479156411) * (Id(((x1)^(2)) * ((x0)^(2))))) + ((-1.7928410202513824e-2) * (Id(((x1)^(1)) * ((x0)^(2)))))))))","[0.9041184360530188,2.9085668460805524e-3,8.057029557075483e-3,-1.730540035182912e-2,-3.471499146952971e-2,2.9085668460587808e-3,0.15325215910252898,0.15325215910252904,-3.5542846380935745e-3,-8.80648328120371e-3,0.1502297479156411,-1.7928410202513824e-2]","(((0.9041184360530188) + (((2.9085668460805524e-3) * (((x[:,0])**(2)))) + (((8.057029557075483e-3) * (((x[:,0])**(1)))) + (((-1.730540035182912e-2) * ((((x[:,1])**(2)) * ((x[:,0])**(1))))) + (((-3.471499146952971e-2) * ((((x[:,1])**(1)) * ((x[:,0])**(2))))) + (((2.9085668460587808e-3) * (((x[:,0])**(2)))) + (((0.15325215910252898) * ((((x[:,1])**(2)) * ((x[:,0])**(2))))) + (((0.15325215910252904) * ((((x[:,1])**(2)) * ((x[:,0])**(2))))) + ((-3.5542846380935745e-3) * ((((x[:,1])**(1)) * ((x[:,0])**(1))))))))))))) / ((1.0) + (((-8.80648328120371e-3) * ((((x[:,1])**(2)) * ((x[:,0])**(1))))) + (((0.1502297479156411) * ((((x[:,1])**(2)) * ((x[:,0])**(2))))) + ((-1.7928410202513824e-2) * ((((x[:,1])**(1)) * ((x[:,0])**(2)))))))))"

======================================
"Id(((0.9102292073084177) + (((0.30127695333507143) * (Id(((x1)^(2)) * ((x0)^(2))))) + (((1.588108170740039e-3) * (Id(((x1)^(1)) * ((x0)^(2))))) + (((-6.410530110539469e-3) * (Id((x1)^(1)))) + (((4.916249121863176e-3) * (Id((x0)^(2)))) + (((1.991944692831866e-2) * (Id(((x1)^(1)) * ((x0)^(1))))) + (((-1.5247360934577264e-2) * (Id(((x1)^(2)) * ((x0)^(1))))) + ((-6.410530110539003e-3) * (Id((x1)^(1))))))))))) / ((1.0) + (((1.216090404567281e-2) * (Id(((x1)^(1)) * ((x0)^(1))))) + (((0.1475720981737662) * (Id(((x1)^(2)) * ((x0)^(2))))) + ((-8.150806450110196e-3) * (Id(((x1)^(2)) * ((x0)^(1)))))))))","[0.9102292073084177,0.30127695333507143,1.588108170740039e-3,-6.410530110539469e-3,4.916249121863176e-3,1.991944692831866e-2,-1.5247360934577264e-2,-6.410530110539003e-3,1.216090404567281e-2,0.1475720981737662,-8.150806450110196e-3]","(((0.9102292073084177) + (((0.30127695333507143) * ((((x[:,1])**(2)) * ((x[:,0])**(2))))) + (((1.588108170740039e-3) * ((((x[:,1])**(1)) * ((x[:,0])**(2))))) + (((-6.410530110539469e-3) * (((x[:,1])**(1)))) + (((4.916249121863176e-3) * (((x[:,0])**(2)))) + (((1.991944692831866e-2) * ((((x[:,1])**(1)) * ((x[:,0])**(1))))) + (((-1.5247360934577264e-2) * ((((x[:,1])**(2)) * ((x[:,0])**(1))))) + ((-6.410530110539003e-3) * (((x[:,1])**(1))))))))))) / ((1.0) + (((1.216090404567281e-2) * ((((x[:,1])**(1)) * ((x[:,0])**(1))))) + (((0.1475720981737662) * ((((x[:,1])**(2)) * ((x[:,0])**(2))))) + ((-8.150806450110196e-3) * ((((x[:,1])**(2)) * ((x[:,0])**(1)))))))))"

======================================
"Id(((0.9040114974611081) + (((2.9144450361991694e-3) * (Id((x0)^(2)))) + (((1.0956543250772372e-2) * (Id(((x1)^(1)) * ((x0)^(1))))) + (((-3.485687683062112e-2) * (Id(((x1)^(1)) * ((x0)^(2))))) + (((6.249858588719526e-3) * (Id((x0)^(1)))) + (((2.9144450361847873e-3) * (Id((x0)^(2)))) + (((0.15284579077068583) * (Id(((x1)^(2)) * ((x0)^(2))))) + ((0.15284579077068527) * (Id(((x1)^(2)) * ((x0)^(2)))))))))))) / ((1.0) + (((7.566534911648363e-3) * (Id(((x1)^(1)) * ((x0)^(1))))) + (((-1.7995338661660105e-2) * (Id(((x1)^(1)) * ((x0)^(2))))) + ((0.14982064037491005) * (Id(((x1)^(2)) * ((x0)^(2)))))))))","[0.9040114974611081,2.9144450361991694e-3,1.0956543250772372e-2,-3.485687683062112e-2,6.249858588719526e-3,2.9144450361847873e-3,0.15284579077068583,0.15284579077068527,7.566534911648363e-3,-1.7995338661660105e-2,0.14982064037491005]","(((0.9040114974611081) + (((2.9144450361991694e-3) * (((x[:,0])**(2)))) + (((1.0956543250772372e-2) * ((((x[:,1])**(1)) * ((x[:,0])**(1))))) + (((-3.485687683062112e-2) * ((((x[:,1])**(1)) * ((x[:,0])**(2))))) + (((6.249858588719526e-3) * (((x[:,0])**(1)))) + (((2.9144450361847873e-3) * (((x[:,0])**(2)))) + (((0.15284579077068583) * ((((x[:,1])**(2)) * ((x[:,0])**(2))))) + ((0.15284579077068527) * ((((x[:,1])**(2)) * ((x[:,0])**(2)))))))))))) / ((1.0) + (((7.566534911648363e-3) * ((((x[:,1])**(1)) * ((x[:,0])**(1))))) + (((-1.7995338661660105e-2) * ((((x[:,1])**(1)) * ((x[:,0])**(2))))) + ((0.14982064037491005) * ((((x[:,1])**(2)) * ((x[:,0])**(2)))))))))"

======================================
"Id(((0.9043082494180298) + (((-4.474333901620648e-2) * (Id((x1)^(1)))) + (((-3.6657408996182855e-3) * (Id(((x1)^(1)) * ((x0)^(1))))) + (((3.1840892160575106e-3) * (Id((x0)^(1)))) + (((3.184089216057297e-3) * (Id((x0)^(1)))) + (((-2.8423460447356507e-2) * (Id(((x1)^(1)) * ((x0)^(2))))) + (((0.3070753113595117) * (Id(((x1)^(2)) * ((x0)^(2))))) + ((5.682119233326734e-3) * (Id((x0)^(2))))))))))) / ((1.0) + (((-1.445143444163138e-2) * (Id(((x1)^(1)) * ((x0)^(2))))) + (((-2.5620024022997165e-2) * (Id((x1)^(1)))) + ((0.15051749219285018) * (Id(((x1)^(2)) * ((x0)^(2)))))))))","[0.9043082494180298,-4.474333901620648e-2,-3.6657408996182855e-3,3.1840892160575106e-3,3.184089216057297e-3,-2.8423460447356507e-2,0.3070753113595117,5.682119233326734e-3,-1.445143444163138e-2,-2.5620024022997165e-2,0.15051749219285018]","(((0.9043082494180298) + (((-4.474333901620648e-2) * (((x[:,1])**(1)))) + (((-3.6657408996182855e-3) * ((((x[:,1])**(1)) * ((x[:,0])**(1))))) + (((3.1840892160575106e-3) * (((x[:,0])**(1)))) + (((3.184089216057297e-3) * (((x[:,0])**(1)))) + (((-2.8423460447356507e-2) * ((((x[:,1])**(1)) * ((x[:,0])**(2))))) + (((0.3070753113595117) * ((((x[:,1])**(2)) * ((x[:,0])**(2))))) + ((5.682119233326734e-3) * (((x[:,0])**(2))))))))))) / ((1.0) + (((-1.445143444163138e-2) * ((((x[:,1])**(1)) * ((x[:,0])**(2))))) + (((-2.5620024022997165e-2) * (((x[:,1])**(1)))) + ((0.15051749219285018) * ((((x[:,1])**(2)) * ((x[:,0])**(2)))))))))"

======================================
"Id(((0.9041295848246284) + (((-2.815148172437778e-2) * (Id(((x1)^(1)) * ((x0)^(2))))) + (((6.166142153789992e-3) * (Id((x0)^(1)))) + (((1.3160501294781059e-2) * (Id(((x1)^(1)) * ((x0)^(1))))) + (((2.7801264857890157e-3) * (Id((x0)^(2)))) + (((2.780126485791764e-3) * (Id((x0)^(2)))) + (((0.3070768729093943) * (Id(((x1)^(2)) * ((x0)^(2))))) + ((-4.5589896470365134e-2) * (Id((x1)^(1))))))))))) / ((1.0) + (((-1.4309329029376957e-2) * (Id(((x1)^(1)) * ((x0)^(2))))) + (((8.7090674362577e-3) * (Id(((x1)^(1)) * ((x0)^(1))))) + (((-2.606175262597644e-2) * (Id((x1)^(1)))) + ((0.15051152010810953) * (Id(((x1)^(2)) * ((x0)^(2))))))))))","[0.9041295848246284,-2.815148172437778e-2,6.166142153789992e-3,1.3160501294781059e-2,2.7801264857890157e-3,2.780126485791764e-3,0.3070768729093943,-4.5589896470365134e-2,-1.4309329029376957e-2,8.7090674362577e-3,-2.606175262597644e-2,0.15051152010810953]","(((0.9041295848246284) + (((-2.815148172437778e-2) * ((((x[:,1])**(1)) * ((x[:,0])**(2))))) + (((6.166142153789992e-3) * (((x[:,0])**(1)))) + (((1.3160501294781059e-2) * ((((x[:,1])**(1)) * ((x[:,0])**(1))))) + (((2.7801264857890157e-3) * (((x[:,0])**(2)))) + (((2.780126485791764e-3) * (((x[:,0])**(2)))) + (((0.3070768729093943) * ((((x[:,1])**(2)) * ((x[:,0])**(2))))) + ((-4.5589896470365134e-2) * (((x[:,1])**(1))))))))))) / ((1.0) + (((-1.4309329029376957e-2) * ((((x[:,1])**(1)) * ((x[:,0])**(2))))) + (((8.7090674362577e-3) * ((((x[:,1])**(1)) * ((x[:,0])**(1))))) + (((-2.606175262597644e-2) * (((x[:,1])**(1)))) + ((0.15051152010810953) * ((((x[:,1])**(2)) * ((x[:,0])**(2))))))))))"

======================================
"Id(((0.904337271522944) + (((3.678108814153775e-4) * (Id(((x1)^(2)) * ((x0)^(1))))) + (((-3.357024655632883e-2) * (Id(((x1)^(1)) * ((x0)^(2))))) + (((-3.5338011102684593e-3) * (Id(((x1)^(1)) * ((x0)^(1))))) + (((0.10200030977891436) * (Id(((x1)^(2)) * ((x0)^(2))))) + (((0.10200030977893919) * (Id(((x1)^(2)) * ((x0)^(2))))) + (((0.10200030977893865) * (Id(((x1)^(2)) * ((x0)^(2))))) + (((5.8926917863731006e-3) * (Id((x0)^(2)))) + ((3.678108814140546e-4) * (Id(((x1)^(2)) * ((x0)^(1))))))))))))) / ((1.0) + (((-1.7329790103784555e-2) * (Id(((x1)^(1)) * ((x0)^(2))))) + ((0.14997670101687055) * (Id(((x1)^(2)) * ((x0)^(2))))))))","[0.904337271522944,3.678108814153775e-4,-3.357024655632883e-2,-3.5338011102684593e-3,0.10200030977891436,0.10200030977893919,0.10200030977893865,5.8926917863731006e-3,3.678108814140546e-4,-1.7329790103784555e-2,0.14997670101687055]","(((0.904337271522944) + (((3.678108814153775e-4) * ((((x[:,1])**(2)) * ((x[:,0])**(1))))) + (((-3.357024655632883e-2) * ((((x[:,1])**(1)) * ((x[:,0])**(2))))) + (((-3.5338011102684593e-3) * ((((x[:,1])**(1)) * ((x[:,0])**(1))))) + (((0.10200030977891436) * ((((x[:,1])**(2)) * ((x[:,0])**(2))))) + (((0.10200030977893919) * ((((x[:,1])**(2)) * ((x[:,0])**(2))))) + (((0.10200030977893865) * ((((x[:,1])**(2)) * ((x[:,0])**(2))))) + (((5.8926917863731006e-3) * (((x[:,0])**(2)))) + ((3.678108814140546e-4) * ((((x[:,1])**(2)) * ((x[:,0])**(1))))))))))))) / ((1.0) + (((-1.7329790103784555e-2) * ((((x[:,1])**(1)) * ((x[:,0])**(2))))) + ((0.14997670101687055) * ((((x[:,1])**(2)) * ((x[:,0])**(2))))))))"

======================================
"Id(((0.904011497461093) + (((6.24985858871875e-3) * (Id((x0)^(1)))) + (((1.0956543250771885e-2) * (Id(((x1)^(1)) * ((x0)^(1))))) + (((2.9144450361918606e-3) * (Id((x0)^(2)))) + (((2.9144450361962147e-3) * (Id((x0)^(2)))) + (((0.3056915815413696) * (Id(((x1)^(2)) * ((x0)^(2))))) + ((-3.4856876830621865e-2) * (Id(((x1)^(1)) * ((x0)^(2))))))))))) / ((1.0) + (((7.566534911648058e-3) * (Id(((x1)^(1)) * ((x0)^(1))))) + (((-1.7995338661660393e-2) * (Id(((x1)^(1)) * ((x0)^(2))))) + ((0.14982064037490944) * (Id(((x1)^(2)) * ((x0)^(2)))))))))","[0.904011497461093,6.24985858871875e-3,1.0956543250771885e-2,2.9144450361918606e-3,2.9144450361962147e-3,0.3056915815413696,-3.4856876830621865e-2,7.566534911648058e-3,-1.7995338661660393e-2,0.14982064037490944]","(((0.904011497461093) + (((6.24985858871875e-3) * (((x[:,0])**(1)))) + (((1.0956543250771885e-2) * ((((x[:,1])**(1)) * ((x[:,0])**(1))))) + (((2.9144450361918606e-3) * (((x[:,0])**(2)))) + (((2.9144450361962147e-3) * (((x[:,0])**(2)))) + (((0.3056915815413696) * ((((x[:,1])**(2)) * ((x[:,0])**(2))))) + ((-3.4856876830621865e-2) * ((((x[:,1])**(1)) * ((x[:,0])**(2))))))))))) / ((1.0) + (((7.566534911648058e-3) * ((((x[:,1])**(1)) * ((x[:,0])**(1))))) + (((-1.7995338661660393e-2) * ((((x[:,1])**(1)) * ((x[:,0])**(2))))) + ((0.14982064037490944) * ((((x[:,1])**(2)) * ((x[:,0])**(2)))))))))"

======================================
"Id(((0.9097070557619619) + (((5.29464441801709e-3) * (Id((x0)^(2)))) + (((5.24633097789676e-3) * (Id((x0)^(1)))) + (((0.15018948335739138) * (Id(((x1)^(2)) * ((x0)^(2))))) + (((0.1501894833573923) * (Id(((x1)^(2)) * ((x0)^(2))))) + (((1.791551728998123e-2) * (Id(((x1)^(1)) * ((x0)^(1))))) + ((-1.829488326519845e-2) * (Id(((x1)^(2)) * ((x0)^(1))))))))))) / ((1.0) + (((-9.44555718554754e-3) * (Id(((x1)^(2)) * ((x0)^(1))))) + (((1.1159165582770846e-2) * (Id(((x1)^(1)) * ((x0)^(1))))) + ((0.14714380291212598) * (Id(((x1)^(2)) * ((x0)^(2)))))))))","[0.9097070557619619,5.29464441801709e-3,5.24633097789676e-3,0.15018948335739138,0.1501894833573923,1.791551728998123e-2,-1.829488326519845e-2,-9.44555718554754e-3,1.1159165582770846e-2,0.14714380291212598]","(((0.9097070557619619) + (((5.29464441801709e-3) * (((x[:,0])**(2)))) + (((5.24633097789676e-3) * (((x[:,0])**(1)))) + (((0.15018948335739138) * ((((x[:,1])**(2)) * ((x[:,0])**(2))))) + (((0.1501894833573923) * ((((x[:,1])**(2)) * ((x[:,0])**(2))))) + (((1.791551728998123e-2) * ((((x[:,1])**(1)) * ((x[:,0])**(1))))) + ((-1.829488326519845e-2) * ((((x[:,1])**(2)) * ((x[:,0])**(1))))))))))) / ((1.0) + (((-9.44555718554754e-3) * ((((x[:,1])**(2)) * ((x[:,0])**(1))))) + (((1.1159165582770846e-2) * ((((x[:,1])**(1)) * ((x[:,0])**(1))))) + ((0.14714380291212598) * ((((x[:,1])**(2)) * ((x[:,0])**(2)))))))))"

======================================
"Id(((0.9157441322608343) + (((-2.9441482885777415e-2) * (Id(((x1)^(1)) * ((x0)^(2))))) + (((-4.130607826462566e-3) * (Id((x1)^(1)))) + (((-4.130607826461398e-3) * (Id((x1)^(1)))) + (((1.5175608996708773e-2) * (Id(((x1)^(1)) * ((x0)^(1))))) + (((6.375349195124166e-3) * (Id((x0)^(1)))) + (((0.15756824535486227) * (Id(((x1)^(2)) * ((x0)^(2))))) + ((0.15756824535486735) * (Id(((x1)^(2)) * ((x0)^(2)))))))))))) / ((1.0) + (((-1.5686719740326052e-2) * (Id(((x1)^(1)) * ((x0)^(2))))) + (((9.83619749107545e-3) * (Id(((x1)^(1)) * ((x0)^(1))))) + ((0.15436850352481044) * (Id(((x1)^(2)) * ((x0)^(2)))))))))","[0.9157441322608343,-2.9441482885777415e-2,-4.130607826462566e-3,-4.130607826461398e-3,1.5175608996708773e-2,6.375349195124166e-3,0.15756824535486227,0.15756824535486735,-1.5686719740326052e-2,9.83619749107545e-3,0.15436850352481044]","(((0.9157441322608343) + (((-2.9441482885777415e-2) * ((((x[:,1])**(1)) * ((x[:,0])**(2))))) + (((-4.130607826462566e-3) * (((x[:,1])**(1)))) + (((-4.130607826461398e-3) * (((x[:,1])**(1)))) + (((1.5175608996708773e-2) * ((((x[:,1])**(1)) * ((x[:,0])**(1))))) + (((6.375349195124166e-3) * (((x[:,0])**(1)))) + (((0.15756824535486227) * ((((x[:,1])**(2)) * ((x[:,0])**(2))))) + ((0.15756824535486735) * ((((x[:,1])**(2)) * ((x[:,0])**(2)))))))))))) / ((1.0) + (((-1.5686719740326052e-2) * ((((x[:,1])**(1)) * ((x[:,0])**(2))))) + (((9.83619749107545e-3) * ((((x[:,1])**(1)) * ((x[:,0])**(1))))) + ((0.15436850352481044) * ((((x[:,1])**(2)) * ((x[:,0])**(2)))))))))"

======================================
"Id(((0.908569172737683) + (((1.7664860183400858e-2) * (Id(((x1)^(1)) * ((x0)^(1))))) + (((1.1231870523832968e-3) * (Id((x0)^(2)))) + (((5.101185407461883e-3) * (Id((x0)^(1)))) + (((9.653576648806595e9) * (Id(((x1)^(2)) * ((x0)^(1))))) + (((-9.653576648824286e9) * (Id(((x1)^(2)) * ((x0)^(1))))) + (((4.824380407867336e11) * (Id(((x1)^(2)) * ((x0)^(2))))) + ((-4.8243804078643207e11) * (Id(((x1)^(2)) * ((x0)^(2)))))))))))) / ((1.0) + (((0.14730144782153454) * (Id(((x1)^(2)) * ((x0)^(2))))) + (((1.1103899945148587e-2) * (Id(((x1)^(1)) * ((x0)^(1))))) + ((-9.22393569925015e-3) * (Id(((x1)^(2)) * ((x0)^(1)))))))))","[0.908569172737683,1.7664860183400858e-2,1.1231870523832968e-3,5.101185407461883e-3,9.653576648806595e9,-9.653576648824286e9,4.824380407867336e11,-4.8243804078643207e11,0.14730144782153454,1.1103899945148587e-2,-9.22393569925015e-3]","(((0.908569172737683) + (((1.7664860183400858e-2) * ((((x[:,1])**(1)) * ((x[:,0])**(1))))) + (((1.1231870523832968e-3) * (((x[:,0])**(2)))) + (((5.101185407461883e-3) * (((x[:,0])**(1)))) + (((9.653576648806595e9) * ((((x[:,1])**(2)) * ((x[:,0])**(1))))) + (((-9.653576648824286e9) * ((((x[:,1])**(2)) * ((x[:,0])**(1))))) + (((4.824380407867336e11) * ((((x[:,1])**(2)) * ((x[:,0])**(2))))) + ((-4.8243804078643207e11) * ((((x[:,1])**(2)) * ((x[:,0])**(2)))))))))))) / ((1.0) + (((0.14730144782153454) * ((((x[:,1])**(2)) * ((x[:,0])**(2))))) + (((1.1103899945148587e-2) * ((((x[:,1])**(1)) * ((x[:,0])**(1))))) + ((-9.22393569925015e-3) * ((((x[:,1])**(2)) * ((x[:,0])**(1)))))))))"

======================================
"Id(((0.9040114974611264) + (((-3.485687683062119e-2) * (Id(((x1)^(1)) * ((x0)^(2))))) + (((1.0956543250780009e-2) * (Id(((x1)^(1)) * ((x0)^(1))))) + (((0.3056915815413694) * (Id(((x1)^(2)) * ((x0)^(2))))) + (((2.914445036191827e-3) * (Id((x0)^(2)))) + (((2.9144450361931543e-3) * (Id((x0)^(2)))) + ((6.24985858871872e-3) * (Id((x0)^(1)))))))))) / ((1.0) + (((-1.799533866165992e-2) * (Id(((x1)^(1)) * ((x0)^(2))))) + (((0.1498206403749095) * (Id(((x1)^(2)) * ((x0)^(2))))) + ((7.56653491165218e-3) * (Id(((x1)^(1)) * ((x0)^(1)))))))))","[0.9040114974611264,-3.485687683062119e-2,1.0956543250780009e-2,0.3056915815413694,2.914445036191827e-3,2.9144450361931543e-3,6.24985858871872e-3,-1.799533866165992e-2,0.1498206403749095,7.56653491165218e-3]","(((0.9040114974611264) + (((-3.485687683062119e-2) * ((((x[:,1])**(1)) * ((x[:,0])**(2))))) + (((1.0956543250780009e-2) * ((((x[:,1])**(1)) * ((x[:,0])**(1))))) + (((0.3056915815413694) * ((((x[:,1])**(2)) * ((x[:,0])**(2))))) + (((2.914445036191827e-3) * (((x[:,0])**(2)))) + (((2.9144450361931543e-3) * (((x[:,0])**(2)))) + ((6.24985858871872e-3) * (((x[:,0])**(1)))))))))) / ((1.0) + (((-1.799533866165992e-2) * ((((x[:,1])**(1)) * ((x[:,0])**(2))))) + (((0.1498206403749095) * ((((x[:,1])**(2)) * ((x[:,0])**(2))))) + ((7.56653491165218e-3) * ((((x[:,1])**(1)) * ((x[:,0])**(1)))))))))"

======================================
"Id(((0.9099074709191242) + (((1.8235136069667598e-3) * (Id((x0)^(2)))) + (((2.540496900153914e-3) * (Id((x0)^(1)))) + (((0.14967271300551804) * (Id(((x1)^(2)) * ((x0)^(2))))) + (((1.8235136069520506e-3) * (Id((x0)^(2)))) + (((2.5404969001530716e-3) * (Id((x0)^(1)))) + (((1.237541721820291e-2) * (Id(((x1)^(1)) * ((x0)^(1))))) + (((0.1496727130055182) * (Id(((x1)^(2)) * ((x0)^(2))))) + ((1.8235136069519053e-3) * (Id((x0)^(2)))))))))))) / ((1.0) + (((8.37219484821598e-3) * (Id(((x1)^(1)) * ((x0)^(1))))) + ((0.14663450120048566) * (Id(((x1)^(2)) * ((x0)^(2))))))))","[0.9099074709191242,1.8235136069667598e-3,2.540496900153914e-3,0.14967271300551804,1.8235136069520506e-3,2.5404969001530716e-3,1.237541721820291e-2,0.1496727130055182,1.8235136069519053e-3,8.37219484821598e-3,0.14663450120048566]","(((0.9099074709191242) + (((1.8235136069667598e-3) * (((x[:,0])**(2)))) + (((2.540496900153914e-3) * (((x[:,0])**(1)))) + (((0.14967271300551804) * ((((x[:,1])**(2)) * ((x[:,0])**(2))))) + (((1.8235136069520506e-3) * (((x[:,0])**(2)))) + (((2.5404969001530716e-3) * (((x[:,0])**(1)))) + (((1.237541721820291e-2) * ((((x[:,1])**(1)) * ((x[:,0])**(1))))) + (((0.1496727130055182) * ((((x[:,1])**(2)) * ((x[:,0])**(2))))) + ((1.8235136069519053e-3) * (((x[:,0])**(2)))))))))))) / ((1.0) + (((8.37219484821598e-3) * ((((x[:,1])**(1)) * ((x[:,0])**(1))))) + ((0.14663450120048566) * ((((x[:,1])**(2)) * ((x[:,0])**(2))))))))"

======================================
"Id(((0.9040114974610943) + (((1.0956543250773962e-2) * (Id(((x1)^(1)) * ((x0)^(1))))) + (((5.828890072385409e-3) * (Id((x0)^(2)))) + (((-3.485687683062088e-2) * (Id(((x1)^(1)) * ((x0)^(2))))) + (((0.3056915815413703) * (Id(((x1)^(2)) * ((x0)^(2))))) + ((6.249858588718944e-3) * (Id((x0)^(1))))))))) / ((1.0) + (((-1.7995338661659893e-2) * (Id(((x1)^(1)) * ((x0)^(2))))) + (((0.1498206403749096) * (Id(((x1)^(2)) * ((x0)^(2))))) + ((7.566534911649189e-3) * (Id(((x1)^(1)) * ((x0)^(1)))))))))","[0.9040114974610943,1.0956543250773962e-2,5.828890072385409e-3,-3.485687683062088e-2,0.3056915815413703,6.249858588718944e-3,-1.7995338661659893e-2,0.1498206403749096,7.566534911649189e-3]","(((0.9040114974610943) + (((1.0956543250773962e-2) * ((((x[:,1])**(1)) * ((x[:,0])**(1))))) + (((5.828890072385409e-3) * (((x[:,0])**(2)))) + (((-3.485687683062088e-2) * ((((x[:,1])**(1)) * ((x[:,0])**(2))))) + (((0.3056915815413703) * ((((x[:,1])**(2)) * ((x[:,0])**(2))))) + ((6.249858588718944e-3) * (((x[:,0])**(1))))))))) / ((1.0) + (((-1.7995338661659893e-2) * ((((x[:,1])**(1)) * ((x[:,0])**(2))))) + (((0.1498206403749096) * ((((x[:,1])**(2)) * ((x[:,0])**(2))))) + ((7.566534911649189e-3) * ((((x[:,1])**(1)) * ((x[:,0])**(1)))))))))"

======================================
"Id(((0.9041598116826293) + (((-4.5750139733104586e-2) * (Id((x1)^(1)))) + (((0.3071436929958362) * (Id(((x1)^(2)) * ((x0)^(2))))) + (((2.5854889578417074e-4) * (Id(((x1)^(2)) * ((x0)^(1))))) + (((-2.7815104664452056e-2) * (Id(((x1)^(1)) * ((x0)^(2))))) + (((1.3428790868105174e-2) * (Id(((x1)^(1)) * ((x0)^(1))))) + (((4.6676530458635394e-3) * (Id((x0)^(1)))) + ((5.53218203810096e-3) * (Id((x0)^(2))))))))))) / ((1.0) + (((-1.4132237672671296e-2) * (Id(((x1)^(1)) * ((x0)^(2))))) + (((8.829613265975285e-3) * (Id(((x1)^(1)) * ((x0)^(1))))) + (((-2.6177309692415354e-2) * (Id((x1)^(1)))) + ((0.15054245770951963) * (Id(((x1)^(2)) * ((x0)^(2))))))))))","[0.9041598116826293,-4.5750139733104586e-2,0.3071436929958362,2.5854889578417074e-4,-2.7815104664452056e-2,1.3428790868105174e-2,4.6676530458635394e-3,5.53218203810096e-3,-1.4132237672671296e-2,8.829613265975285e-3,-2.6177309692415354e-2,0.15054245770951963]","(((0.9041598116826293) + (((-4.5750139733104586e-2) * (((x[:,1])**(1)))) + (((0.3071436929958362) * ((((x[:,1])**(2)) * ((x[:,0])**(2))))) + (((2.5854889578417074e-4) * ((((x[:,1])**(2)) * ((x[:,0])**(1))))) + (((-2.7815104664452056e-2) * ((((x[:,1])**(1)) * ((x[:,0])**(2))))) + (((1.3428790868105174e-2) * ((((x[:,1])**(1)) * ((x[:,0])**(1))))) + (((4.6676530458635394e-3) * (((x[:,0])**(1)))) + ((5.53218203810096e-3) * (((x[:,0])**(2))))))))))) / ((1.0) + (((-1.4132237672671296e-2) * ((((x[:,1])**(1)) * ((x[:,0])**(2))))) + (((8.829613265975285e-3) * ((((x[:,1])**(1)) * ((x[:,0])**(1))))) + (((-2.6177309692415354e-2) * (((x[:,1])**(1)))) + ((0.15054245770951963) * ((((x[:,1])**(2)) * ((x[:,0])**(2))))))))))"

======================================
"Id(((0.9041746676663867) + (((5.929215871727391e-3) * (Id((x0)^(2)))) + (((-1.83121693410506e-3) * (Id(((x1)^(1)) * ((x0)^(1))))) + (((-1.7481085938941248e-2) * (Id(((x1)^(1)) * ((x0)^(2))))) + (((-1.7481085938942636e-2) * (Id(((x1)^(1)) * ((x0)^(2))))) + (((6.42410081259535e-3) * (Id((x0)^(1)))) + (((0.30571057413873504) * (Id(((x1)^(2)) * ((x0)^(2))))) + ((-1.8312169341040108e-3) * (Id(((x1)^(1)) * ((x0)^(1)))))))))))) / ((1.0) + (((-1.8051357861995423e-2) * (Id(((x1)^(1)) * ((x0)^(2))))) + ((0.14983591696388787) * (Id(((x1)^(2)) * ((x0)^(2))))))))","[0.9041746676663867,5.929215871727391e-3,-1.83121693410506e-3,-1.7481085938941248e-2,-1.7481085938942636e-2,6.42410081259535e-3,0.30571057413873504,-1.8312169341040108e-3,-1.8051357861995423e-2,0.14983591696388787]","(((0.9041746676663867) + (((5.929215871727391e-3) * (((x[:,0])**(2)))) + (((-1.83121693410506e-3) * ((((x[:,1])**(1)) * ((x[:,0])**(1))))) + (((-1.7481085938941248e-2) * ((((x[:,1])**(1)) * ((x[:,0])**(2))))) + (((-1.7481085938942636e-2) * ((((x[:,1])**(1)) * ((x[:,0])**(2))))) + (((6.42410081259535e-3) * (((x[:,0])**(1)))) + (((0.30571057413873504) * ((((x[:,1])**(2)) * ((x[:,0])**(2))))) + ((-1.8312169341040108e-3) * ((((x[:,1])**(1)) * ((x[:,0])**(1)))))))))))) / ((1.0) + (((-1.8051357861995423e-2) * ((((x[:,1])**(1)) * ((x[:,0])**(2))))) + ((0.14983591696388787) * ((((x[:,1])**(2)) * ((x[:,0])**(2))))))))"

======================================
"Id(((0.9040114974610934) + (((3.1249292943511396e-3) * (Id((x0)^(1)))) + (((1.0956543250771729e-2) * (Id(((x1)^(1)) * ((x0)^(1))))) + (((5.828890072387345e-3) * (Id((x0)^(2)))) + (((0.30569158154137105) * (Id(((x1)^(2)) * ((x0)^(2))))) + (((3.1249292943671984e-3) * (Id((x0)^(1)))) + (((-1.742843841531113e-2) * (Id(((x1)^(1)) * ((x0)^(2))))) + ((-1.7428438415311134e-2) * (Id(((x1)^(1)) * ((x0)^(2)))))))))))) / ((1.0) + (((-1.7995338661660528e-2) * (Id(((x1)^(1)) * ((x0)^(2))))) + (((0.14982064037491008) * (Id(((x1)^(2)) * ((x0)^(2))))) + ((7.5665349116478455e-3) * (Id(((x1)^(1)) * ((x0)^(1)))))))))","[0.9040114974610934,3.1249292943511396e-3,1.0956543250771729e-2,5.828890072387345e-3,0.30569158154137105,3.1249292943671984e-3,-1.742843841531113e-2,-1.7428438415311134e-2,-1.7995338661660528e-2,0.14982064037491008,7.5665349116478455e-3]","(((0.9040114974610934) + (((3.1249292943511396e-3) * (((x[:,0])**(1)))) + (((1.0956543250771729e-2) * ((((x[:,1])**(1)) * ((x[:,0])**(1))))) + (((5.828890072387345e-3) * (((x[:,0])**(2)))) + (((0.30569158154137105) * ((((x[:,1])**(2)) * ((x[:,0])**(2))))) + (((3.1249292943671984e-3) * (((x[:,0])**(1)))) + (((-1.742843841531113e-2) * ((((x[:,1])**(1)) * ((x[:,0])**(2))))) + ((-1.7428438415311134e-2) * ((((x[:,1])**(1)) * ((x[:,0])**(2)))))))))))) / ((1.0) + (((-1.7995338661660528e-2) * ((((x[:,1])**(1)) * ((x[:,0])**(2))))) + (((0.14982064037491008) * ((((x[:,1])**(2)) * ((x[:,0])**(2))))) + ((7.5665349116478455e-3) * ((((x[:,1])**(1)) * ((x[:,0])**(1)))))))))"

======================================
"Id(((0.9040114974610874) + (((0.30569158154137177) * (Id(((x1)^(2)) * ((x0)^(2))))) + (((5.828890072385958e-3) * (Id((x0)^(2)))) + (((5.478271625388428e-3) * (Id(((x1)^(1)) * ((x0)^(1))))) + (((5.47827162538847e-3) * (Id(((x1)^(1)) * ((x0)^(1))))) + (((6.249858588718588e-3) * (Id((x0)^(1)))) + ((-3.485687683062055e-2) * (Id(((x1)^(1)) * ((x0)^(2))))))))))) / ((1.0) + (((-1.7995338661659734e-2) * (Id(((x1)^(1)) * ((x0)^(2))))) + (((7.566534911650699e-3) * (Id(((x1)^(1)) * ((x0)^(1))))) + ((0.14982064037491005) * (Id(((x1)^(2)) * ((x0)^(2)))))))))","[0.9040114974610874,0.30569158154137177,5.828890072385958e-3,5.478271625388428e-3,5.47827162538847e-3,6.249858588718588e-3,-3.485687683062055e-2,-1.7995338661659734e-2,7.566534911650699e-3,0.14982064037491005]","(((0.9040114974610874) + (((0.30569158154137177) * ((((x[:,1])**(2)) * ((x[:,0])**(2))))) + (((5.828890072385958e-3) * (((x[:,0])**(2)))) + (((5.478271625388428e-3) * ((((x[:,1])**(1)) * ((x[:,0])**(1))))) + (((5.47827162538847e-3) * ((((x[:,1])**(1)) * ((x[:,0])**(1))))) + (((6.249858588718588e-3) * (((x[:,0])**(1)))) + ((-3.485687683062055e-2) * ((((x[:,1])**(1)) * ((x[:,0])**(2))))))))))) / ((1.0) + (((-1.7995338661659734e-2) * ((((x[:,1])**(1)) * ((x[:,0])**(2))))) + (((7.566534911650699e-3) * ((((x[:,1])**(1)) * ((x[:,0])**(1))))) + ((0.14982064037491005) * ((((x[:,1])**(2)) * ((x[:,0])**(2)))))))))"

======================================
